Workbook

Sheet Header
D2: <PROJECT> RESTRICTED | H2: AT242 - V3.0
A4: Capability Process Analysis Report
A10: Product Name :
A11: Product Reference :
A12: HW / SW Release :
C16: EQUIPMENT REF. | E16: EQUIPMENT DESIGNATION
C17: P300… | E17: Functional Test - E10…
C20: REPORT GENERAL STATUS
C21: OK | E21: OK | F21: NOK
B24: EVOLUTION Tracking
B25: Doc. Index | C25: Date | D25: Evolution description
I35: Factories Addresses:
I37: 10, Avenue Edouard Serres - B.P. 60112 31772 COLOMIERS Cedex FRANCE
B38: APPROVAL | D38: NAME | F38: DATE | G38: SIGNATURE | I38: Z.I. Charguia II - 2 Rue des Entrepreneurs 2035 Tunis-Carthage TUNISIA
B39: Author | I39: Z.I. Charguia II - 2 Impasse des Entrepreneurs 2035 Tunis-Carthage TUNISIA
B40: Test Project Leader | I40: 15385 Pine Romulus MI 48174 USA
B41: Project Manager
B42: Quality Manager
B45: ACTIA Automotive Factory | F45: Headquarters
B46: =IF($B$45="ACTIA Automotive Factory",I37,IF($B$45="CIPI ACTIA Factory",I38,IF($B$45="ACTIA Tunisie Factory",I39,IF($B$45="ACTIA Electronics Factory",I40,"NO INFORMATION")))) -> 10, Avenue Edouard Serres - B.P. 60112 31772 COLOMIERS Cedex FRANCE | F46: 5, rue Jorge Semprun - B.P. 74215 31432 TOULOUSE cedex 4 (FRANCE) Tél. +33 (0)5 61 17 61 61 Fax + 33 (0)5 61 55 42 31

Sheet CPK Report
E1: CPK REPORT | G1: CPK REPORT
A5: CPK Report Method : 1 product variant, 10 parts minimum | F5: NUMBER OF TESTS | J5: CPK > | K5: 1.33
F6: =3000-8-COUNTIF(A9:A3000,"") -> 0 | J6: IF SC > | K6: 1.67
A8: Test Number | B8: Test Name | C8: Lower Limit | D8: Upper Limit | E8: Min Value | F8: Average Value | G8: Max Value | H8: STD | I8: Nominal Value | J8: CPK | L8: Centering | N8: CPK Status | O8: SC (Yes/No) | P8: Comments / Remedial Actions
A9: =IF('Raw Data'!B13=0,"",'Raw Data'!B13) | B9: =IF('Raw Data'!B13=0,"",'Raw Data'!C13) | C9: =IF('Raw Data'!B13=0," ",'Raw Data'!D13) | D9: =IF('Raw Data'!B13=0," ",'Raw Data'!E13) | E9: =IF('Raw Data'!B13=0," ",MIN('Raw Data'!G13:JP13)) | F9: =IF('Raw Data'!B13=0," ",AVERAGE('Raw Data'!G13:JP13)) | G9: =IF('Raw Data'!B13=0," ",MAX('Raw Data'!G13:JP13)) | H9: =IF('Raw Data'!B13=0," ",_xlfn.STDEV.S('Raw Data'!G13:JP13)) | I9: =IF('Raw Data'!B13=0," ",(D9+C9)/2) | J9: =IF('Raw Data'!B13=0," ",IF(H9=0,9999,MIN((F9-C9),(D9-F9))/3/H9)) | K9: =IF('Raw Data'!B13=0," ",IF(O9="Yes",J9-$K$6,J9-$K$5)) | L9: =IF('Raw Data'!B13=0," ",IF(I9="ND","ND",2*(F9-I9)/(D9-C9))) | M9: =L9 | N9: =IF('Raw Data'!B13=0," ",IF(O9="Yes",IF(J9>$K$6,"OK","NOK"),IF(J9>$K$5,"OK","NOK"))) | O9: =IF('Raw Data'!B13=0," ","No") | P9: =IF('Raw Data'!B13=0," ",'Raw Data'!F13 & ".")
A10: =IF('Raw Data'!B14=0,"",'Raw Data'!B14) | B10: =IF('Raw Data'!B14=0,"",'Raw Data'!C14) | C10: =IF('Raw Data'!B14=0," ",'Raw Data'!D14) | D10: =IF('Raw Data'!B14=0," ",'Raw Data'!E14) | E10: =IF('Raw Data'!B14=0," ",MIN('Raw Data'!G14:JP14)) | F10: =IF('Raw Data'!B14=0," ",AVERAGE('Raw Data'!G14:JP14)) | G10: =IF('Raw Data'!B14=0," ",MAX('Raw Data'!G14:JP14)) | H10: =IF('Raw Data'!B14=0," ",_xlfn.STDEV.S('Raw Data'!G14:JP14)) | I10: =IF('Raw Data'!B14=0," ",(D10+C10)/2) | J10: =IF('Raw Data'!B14=0," ",IF(H10=0,9999,MIN((F10-C10),(D10-F10))/3/H10)) | K10: =IF('Raw Data'!B14=0," ",IF(O10="Yes",J10-$K$6,J10-$K$5)) | L10: =IF('Raw Data'!B14=0," ",IF(I10="ND","ND",2*(F10-I10)/(D10-C10))) | M10: =L10 | N10: =IF('Raw Data'!B14=0," ",IF(O10="Yes",IF(J10>$K$6,"OK","NOK"),IF(J10>$K$5,"OK","NOK"))) | O10: =IF('Raw Data'!B14=0," ","No") | P10: =IF('Raw Data'!B14=0," ",'Raw Data'!F14 & ".")
A11: =IF('Raw Data'!B15=0,"",'Raw Data'!B15) | B11: =IF('Raw Data'!B15=0,"",'Raw Data'!C15) | C11: =IF('Raw Data'!B15=0," ",'Raw Data'!D15) | D11: =IF('Raw Data'!B15=0," ",'Raw Data'!E15) | E11: =IF('Raw Data'!B15=0," ",MIN('Raw Data'!G15:JP15)) | F11: =IF('Raw Data'!B15=0," ",AVERAGE('Raw Data'!G15:JP15)) | G11: =IF('Raw Data'!B15=0," ",MAX('Raw Data'!G15:JP15)) | H11: =IF('Raw Data'!B15=0," ",_xlfn.STDEV.S('Raw Data'!G15:JP15)) | I11: =IF('Raw Data'!B15=0," ",(D11+C11)/2) | J11: =IF('Raw Data'!B15=0," ",IF(H11=0,9999,MIN((F11-C11),(D11-F11))/3/H11)) | K11: =IF('Raw Data'!B15=0," ",IF(O11="Yes",J11-$K$6,J11-$K$5)) | L11: =IF('Raw Data'!B15=0," ",IF(I11="ND","ND",2*(F11-I11)/(D11-C11))) | M11: =L11 | N11: =IF('Raw Data'!B15=0," ",IF(O11="Yes",IF(J11>$K$6,"OK","NOK"),IF(J11>$K$5,"OK","NOK"))) | O11: No | P11: =IF('Raw Data'!B15=0," ",'Raw Data'!F15 & ".")
A12: =IF('Raw Data'!B16=0,"",'Raw Data'!B16) | B12: =IF('Raw Data'!B16=0,"",'Raw Data'!C16) | C12: =IF('Raw Data'!B16=0," ",'Raw Data'!D16) | D12: =IF('Raw Data'!B16=0," ",'Raw Data'!E16) | E12: =IF('Raw Data'!B16=0," ",MIN('Raw Data'!G16:JP16)) | F12: =IF('Raw Data'!B16=0," ",AVERAGE('Raw Data'!G16:JP16)) | G12: =IF('Raw Data'!B16=0," ",MAX('Raw Data'!G16:JP16)) | H12: =IF('Raw Data'!B16=0," ",_xlfn.STDEV.S('Raw Data'!G16:JP16)) | I12: =IF('Raw Data'!B16=0," ",(D12+C12)/2) | J12: =IF('Raw Data'!B16=0," ",IF(H12=0,9999,MIN((F12-C12),(D12-F12))/3/H12)) | K12: =IF('Raw Data'!B16=0," ",IF(O12="Yes",J12-$K$6,J12-$K$5)) | L12: =IF('Raw Data'!B16=0," ",IF(I12="ND","ND",2*(F12-I12)/(D12-C12))) | M12: =L12 | N12: =IF('Raw Data'!B16=0," ",IF(O12="Yes",IF(J12>$K$6,"OK","NOK"),IF(J12>$K$5,"OK","NOK"))) | O12: =IF('Raw Data'!B16=0," ","No") | P12: =IF('Raw Data'!B16=0," ",'Raw Data'!F16 & ".")
A13: =IF('Raw Data'!B17=0,"",'Raw Data'!B17) | B13: =IF('Raw Data'!B17=0,"",'Raw Data'!C17) | C13: =IF('Raw Data'!B17=0," ",'Raw Data'!D17) | D13: =IF('Raw Data'!B17=0," ",'Raw Data'!E17) | E13: =IF('Raw Data'!B17=0," ",MIN('Raw Data'!G17:JP17)) | F13: =IF('Raw Data'!B17=0," ",AVERAGE('Raw Data'!G17:JP17)) | G13: =IF('Raw Data'!B17=0," ",MAX('Raw Data'!G17:JP17)) | H13: =IF('Raw Data'!B17=0," ",_xlfn.STDEV.S('Raw Data'!G17:JP17)) | I13: =IF('Raw Data'!B17=0," ",(D13+C13)/2) | J13: =IF('Raw Data'!B17=0," ",IF(H13=0,9999,MIN((F13-C13),(D13-F13))/3/H13)) | K13: =IF('Raw Data'!B17=0," ",IF(O13="Yes",J13-$K$6,J13-$K$5)) | L13: =IF('Raw Data'!B17=0," ",IF(I13="ND","ND",2*(F13-I13)/(D13-C13))) | M13: =L13 | N13: =IF('Raw Data'!B17=0," ",IF(O13="Yes",IF(J13>$K$6,"OK","NOK"),IF(J13>$K$5,"OK","NOK"))) | O13: =IF('Raw Data'!B17=0," ","No") | P13: =IF('Raw Data'!B17=0," ",'Raw Data'!F17 & ".")
A14: =IF('Raw Data'!B18=0,"",'Raw Data'!B18) | B14: =IF('Raw Data'!B18=0,"",'Raw Data'!C18) | C14: =IF('Raw Data'!B18=0," ",'Raw Data'!D18) | D14: =IF('Raw Data'!B18=0," ",'Raw Data'!E18) | E14: =IF('Raw Data'!B18=0," ",MIN('Raw Data'!G18:JP18)) | F14: =IF('Raw Data'!B18=0," ",AVERAGE('Raw Data'!G18:JP18)) | G14: =IF('Raw Data'!B18=0," ",MAX('Raw Data'!G18:JP18)) | H14: =IF('Raw Data'!B18=0," ",_xlfn.STDEV.S('Raw Data'!G18:JP18)) | I14: =IF('Raw Data'!B18=0," ",(D14+C14)/2) | J14: =IF('Raw Data'!B18=0," ",IF(H14=0,9999,MIN((F14-C14),(D14-F14))/3/H14)) | K14: =IF('Raw Data'!B18=0," ",IF(O14="Yes",J14-$K$6,J14-$K$5)) | L14: =IF('Raw Data'!B18=0," ",IF(I14="ND","ND",2*(F14-I14)/(D14-C14))) | M14: =L14 | N14: =IF('Raw Data'!B18=0," ",IF(O14="Yes",IF(J14>$K$6,"OK","NOK"),IF(J14>$K$5,"OK","NOK"))) | O14: =IF('Raw Data'!B18=0," ","No") | P14: =IF('Raw Data'!B18=0," ",'Raw Data'!F18 & ".")
A15: =IF('Raw Data'!B19=0,"",'Raw Data'!B19) | B15: =IF('Raw Data'!B19=0,"",'Raw Data'!C19) | C15: =IF('Raw Data'!B19=0," ",'Raw Data'!D19) | D15: =IF('Raw Data'!B19=0," ",'Raw Data'!E19) | E15: =IF('Raw Data'!B19=0," ",MIN('Raw Data'!G19:JP19)) | F15: =IF('Raw Data'!B19=0," ",AVERAGE('Raw Data'!G19:JP19)) | G15: =IF('Raw Data'!B19=0," ",MAX('Raw Data'!G19:JP19)) | H15: =IF('Raw Data'!B19=0," ",_xlfn.STDEV.S('Raw Data'!G19:JP19)) | I15: =IF('Raw Data'!B19=0," ",(D15+C15)/2) | J15: =IF('Raw Data'!B19=0," ",IF(H15=0,9999,MIN((F15-C15),(D15-F15))/3/H15)) | K15: =IF('Raw Data'!B19=0," ",IF(O15="Yes",J15-$K$6,J15-$K$5)) | L15: =IF('Raw Data'!B19=0," ",IF(I15="ND","ND",2*(F15-I15)/(D15-C15))) | M15: =L15 | N15: =IF('Raw Data'!B19=0," ",IF(O15="Yes",IF(J15>$K$6,"OK","NOK"),IF(J15>$K$5,"OK","NOK"))) | O15: =IF('Raw Data'!B19=0," ","No") | P15: =IF('Raw Data'!B19=0," ",'Raw Data'!F19 & ".")
A16: =IF('Raw Data'!B20=0,"",'Raw Data'!B20) | B16: =IF('Raw Data'!B20=0,"",'Raw Data'!C20) | C16: =IF('Raw Data'!B20=0," ",'Raw Data'!D20) | D16: =IF('Raw Data'!B20=0," ",'Raw Data'!E20) | E16: =IF('Raw Data'!B20=0," ",MIN('Raw Data'!G20:JP20)) | F16: =IF('Raw Data'!B20=0," ",AVERAGE('Raw Data'!G20:JP20)) | G16: =IF('Raw Data'!B20=0," ",MAX('Raw Data'!G20:JP20)) | H16: =IF('Raw Data'!B20=0," ",_xlfn.STDEV.S('Raw Data'!G20:JP20)) | I16: =IF('Raw Data'!B20=0," ",(D16+C16)/2) | J16: =IF('Raw Data'!B20=0," ",IF(H16=0,9999,MIN((F16-C16),(D16-F16))/3/H16)) | K16: =IF('Raw Data'!B20=0," ",IF(O16="Yes",J16-$K$6,J16-$K$5)) | L16: =IF('Raw Data'!B20=0," ",IF(I16="ND","ND",2*(F16-I16)/(D16-C16))) | M16: =L16 | N16: =IF('Raw Data'!B20=0," ",IF(O16="Yes",IF(J16>$K$6,"OK","NOK"),IF(J16>$K$5,"OK","NOK"))) | O16: =IF('Raw Data'!B20=0," ","No") | P16: =IF('Raw Data'!B20=0," ",'Raw Data'!F20 & ".")
A17: =IF('Raw Data'!B21=0,"",'Raw Data'!B21) | B17: =IF('Raw Data'!B21=0,"",'Raw Data'!C21) | C17: =IF('Raw Data'!B21=0," ",'Raw Data'!D21) | D17: =IF('Raw Data'!B21=0," ",'Raw Data'!E21) | E17: =IF('Raw Data'!B21=0," ",MIN('Raw Data'!G21:JP21)) | F17: =IF('Raw Data'!B21=0," ",AVERAGE('Raw Data'!G21:JP21)) | G17: =IF('Raw Data'!B21=0," ",MAX('Raw Data'!G21:JP21)) | H17: =IF('Raw Data'!B21=0," ",_xlfn.STDEV.S('Raw Data'!G21:JP21)) | I17: =IF('Raw Data'!B21=0," ",(D17+C17)/2) | J17: =IF('Raw Data'!B21=0," ",IF(H17=0,9999,MIN((F17-C17),(D17-F17))/3/H17)) | K17: =IF('Raw Data'!B21=0," ",IF(O17="Yes",J17-$K$6,J17-$K$5)) | L17: =IF('Raw Data'!B21=0," ",IF(I17="ND","ND",2*(F17-I17)/(D17-C17))) | M17: =L17 | N17: =IF('Raw Data'!B21=0," ",IF(O17="Yes",IF(J17>$K$6,"OK","NOK"),IF(J17>$K$5,"OK","NOK"))) | O17: =IF('Raw Data'!B21=0," ","No") | P17: =IF('Raw Data'!B21=0," ",'Raw Data'!F21 & ".")
A18: =IF('Raw Data'!B22=0,"",'Raw Data'!B22) | B18: =IF('Raw Data'!B22=0,"",'Raw Data'!C22) | C18: =IF('Raw Data'!B22=0," ",'Raw Data'!D22) | D18: =IF('Raw Data'!B22=0," ",'Raw Data'!E22) | E18: =IF('Raw Data'!B22=0," ",MIN('Raw Data'!G22:JP22)) | F18: =IF('Raw Data'!B22=0," ",AVERAGE('Raw Data'!G22:JP22)) | G18: =IF('Raw Data'!B22=0," ",MAX('Raw Data'!G22:JP22)) | H18: =IF('Raw Data'!B22=0," ",_xlfn.STDEV.S('Raw Data'!G22:JP22)) | I18: =IF('Raw Data'!B22=0," ",(D18+C18)/2) | J18: =IF('Raw Data'!B22=0," ",IF(H18=0,9999,MIN((F18-C18),(D18-F18))/3/H18)) | K18: =IF('Raw Data'!B22=0," ",IF(O18="Yes",J18-$K$6,J18-$K$5)) | L18: =IF('Raw Data'!B22=0," ",IF(I18="ND","ND",2*(F18-I18)/(D18-C18))) | M18: =L18 | N18: =IF('Raw Data'!B22=0," ",IF(O18="Yes",IF(J18>$K$6,"OK","NOK"),IF(J18>$K$5,"OK","NOK"))) | O18: =IF('Raw Data'!B22=0," ","No") | P18: =IF('Raw Data'!B22=0," ",'Raw Data'!F22 & ".")
A19: =IF('Raw Data'!B23=0,"",'Raw Data'!B23) | B19: =IF('Raw Data'!B23=0,"",'Raw Data'!C23) | C19: =IF('Raw Data'!B23=0," ",'Raw Data'!D23) | D19: =IF('Raw Data'!B23=0," ",'Raw Data'!E23) | E19: =IF('Raw Data'!B23=0," ",MIN('Raw Data'!G23:JP23)) | F19: =IF('Raw Data'!B23=0," ",AVERAGE('Raw Data'!G23:JP23)) | G19: =IF('Raw Data'!B23=0," ",MAX('Raw Data'!G23:JP23)) | H19: =IF('Raw Data'!B23=0," ",_xlfn.STDEV.S('Raw Data'!G23:JP23)) | I19: =IF('Raw Data'!B23=0," ",(D19+C19)/2) | J19: =IF('Raw Data'!B23=0," ",IF(H19=0,9999,MIN((F19-C19),(D19-F19))/3/H19)) | K19: =IF('Raw Data'!B23=0," ",IF(O19="Yes",J19-$K$6,J19-$K$5)) | L19: =IF('Raw Data'!B23=0," ",IF(I19="ND","ND",2*(F19-I19)/(D19-C19))) | M19: =L19 | N19: =IF('Raw Data'!B23=0," ",IF(O19="Yes",IF(J19>$K$6,"OK","NOK"),IF(J19>$K$5,"OK","NOK"))) | O19: =IF('Raw Data'!B23=0," ","No") | P19: =IF('Raw Data'!B23=0," ",'Raw Data'!F23 & ".")
A20: =IF('Raw Data'!B24=0,"",'Raw Data'!B24) | B20: =IF('Raw Data'!B24=0,"",'Raw Data'!C24) | C20: =IF('Raw Data'!B24=0," ",'Raw Data'!D24) | D20: =IF('Raw Data'!B24=0," ",'Raw Data'!E24) | E20: =IF('Raw Data'!B24=0," ",MIN('Raw Data'!G24:JP24)) | F20: =IF('Raw Data'!B24=0," ",AVERAGE('Raw Data'!G24:JP24)) | G20: =IF('Raw Data'!B24=0," ",MAX('Raw Data'!G24:JP24)) | H20: =IF('Raw Data'!B24=0," ",_xlfn.STDEV.S('Raw Data'!G24:JP24)) | I20: =IF('Raw Data'!B24=0," ",(D20+C20)/2) | J20: =IF('Raw Data'!B24=0," ",IF(H20=0,9999,MIN((F20-C20),(D20-F20))/3/H20)) | K20: =IF('Raw Data'!B24=0," ",IF(O20="Yes",J20-$K$6,J20-$K$5)) | L20: =IF('Raw Data'!B24=0," ",IF(I20="ND","ND",2*(F20-I20)/(D20-C20))) | M20: =L20 | N20: =IF('Raw Data'!B24=0," ",IF(O20="Yes",IF(J20>$K$6,"OK","NOK"),IF(J20>$K$5,"OK","NOK"))) | O20: =IF('Raw Data'!B24=0," ","No") | P20: =IF('Raw Data'!B24=0," ",'Raw Data'!F24 & ".")
A21: =IF('Raw Data'!B25=0,"",'Raw Data'!B25) | B21: =IF('Raw Data'!B25=0,"",'Raw Data'!C25) | C21: =IF('Raw Data'!B25=0," ",'Raw Data'!D25) | D21: =IF('Raw Data'!B25=0," ",'Raw Data'!E25) | E21: =IF('Raw Data'!B25=0," ",MIN('Raw Data'!G25:JP25)) | F21: =IF('Raw Data'!B25=0," ",AVERAGE('Raw Data'!G25:JP25)) | G21: =IF('Raw Data'!B25=0," ",MAX('Raw Data'!G25:JP25)) | H21: =IF('Raw Data'!B25=0," ",_xlfn.STDEV.S('Raw Data'!G25:JP25)) | I21: =IF('Raw Data'!B25=0," ",(D21+C21)/2) | J21: =IF('Raw Data'!B25=0," ",IF(H21=0,9999,MIN((F21-C21),(D21-F21))/3/H21)) | K21: =IF('Raw Data'!B25=0," ",IF(O21="Yes",J21-$K$6,J21-$K$5)) | L21: =IF('Raw Data'!B25=0," ",IF(I21="ND","ND",2*(F21-I21)/(D21-C21))) | M21: =L21 | N21: =IF('Raw Data'!B25=0," ",IF(O21="Yes",IF(J21>$K$6,"OK","NOK"),IF(J21>$K$5,"OK","NOK"))) | O21: =IF('Raw Data'!B25=0," ","No") | P21: =IF('Raw Data'!B25=0," ",'Raw Data'!F25 & ".")
A22: =IF('Raw Data'!B26=0,"",'Raw Data'!B26) | B22: =IF('Raw Data'!B26=0,"",'Raw Data'!C26) | C22: =IF('Raw Data'!B26=0," ",'Raw Data'!D26) | D22: =IF('Raw Data'!B26=0," ",'Raw Data'!E26) | E22: =IF('Raw Data'!B26=0," ",MIN('Raw Data'!G26:JP26)) | F22: =IF('Raw Data'!B26=0," ",AVERAGE('Raw Data'!G26:JP26)) | G22: =IF('Raw Data'!B26=0," ",MAX('Raw Data'!G26:JP26)) | H22: =IF('Raw Data'!B26=0," ",_xlfn.STDEV.S('Raw Data'!G26:JP26)) | I22: =IF('Raw Data'!B26=0," ",(D22+C22)/2) | J22: =IF('Raw Data'!B26=0," ",IF(H22=0,9999,MIN((F22-C22),(D22-F22))/3/H22)) | K22: =IF('Raw Data'!B26=0," ",IF(O22="Yes",J22-$K$6,J22-$K$5)) | L22: =IF('Raw Data'!B26=0," ",IF(I22="ND","ND",2*(F22-I22)/(D22-C22))) | M22: =L22 | N22: =IF('Raw Data'!B26=0," ",IF(O22="Yes",IF(J22>$K$6,"OK","NOK"),IF(J22>$K$5,"OK","NOK"))) | O22: =IF('Raw Data'!B26=0," ","No") | P22: =IF('Raw Data'!B26=0," ",'Raw Data'!F26 & ".")
A23: =IF('Raw Data'!B27=0,"",'Raw Data'!B27) | B23: =IF('Raw Data'!B27=0,"",'Raw Data'!C27) | C23: =IF('Raw Data'!B27=0," ",'Raw Data'!D27) | D23: =IF('Raw Data'!B27=0," ",'Raw Data'!E27) | E23: =IF('Raw Data'!B27=0," ",MIN('Raw Data'!G27:JP27)) | F23: =IF('Raw Data'!B27=0," ",AVERAGE('Raw Data'!G27:JP27)) | G23: =IF('Raw Data'!B27=0," ",MAX('Raw Data'!G27:JP27)) | H23: =IF('Raw Data'!B27=0," ",_xlfn.STDEV.S('Raw Data'!G27:JP27)) | I23: =IF('Raw Data'!B27=0," ",(D23+C23)/2) | J23: =IF('Raw Data'!B27=0," ",IF(H23=0,9999,MIN((F23-C23),(D23-F23))/3/H23)) | K23: =IF('Raw Data'!B27=0," ",IF(O23="Yes",J23-$K$6,J23-$K$5)) | L23: =IF('Raw Data'!B27=0," ",IF(I23="ND","ND",2*(F23-I23)/(D23-C23))) | M23: =L23 | N23: =IF('Raw Data'!B27=0," ",IF(O23="Yes",IF(J23>$K$6,"OK","NOK"),IF(J23>$K$5,"OK","NOK"))) | O23: =IF('Raw Data'!B27=0," ","No") | P23: =IF('Raw Data'!B27=0," ",'Raw Data'!F27 & ".")
... A3000: =IF('Raw Data'!B3004=0,"",'Raw Data'!B3004) | B3000: =IF('Raw Data'!B3004=0,"",'Raw Data'!C3004) | C3000: =IF('Raw Data'!B3004=0," ",'Raw Data'!D3004) | D3000: =IF('Raw Data'!B3004=0," ",'Raw Data'!E3004) | E3000: =IF('Raw Data'!B3004=0," ",MIN('Raw Data'!G3004:JP3004)) | F3000: =IF('Raw Data'!B3004=0," ",AVERAGE('Raw Data'!G3004:JP3004)) | G3000: =IF('Raw Data'!B3004=0," ",MAX('Raw Data'!G3004:JP3004)) | H3000: =IF('Raw Data'!B3004=0," ",_xlfn.STDEV.S('Raw Data'!G3004:JP3004)) | I3000: =IF('Raw Data'!B3004=0," ",(D3000+C3000)/2) | J3000: =IF('Raw Data'!B3004=0," ",IF(H3000=0,9999,MIN((F3000-C3000),(D3000-F3000))/3/H3000)) | K3000: =IF('Raw Data'!B3004=0," ",IF(O3000="Yes",J3000-$K$6,J3000-$K$5)) | L3000: =IF('Raw Data'!B3004=0," ",IF(I3000="ND","ND",2*(F3000-I3000)/(D3000-C3000))) | M3000: =L3000 | N3000: =IF('Raw Data'!B3004=0," ",IF(O3000="Yes",IF(J3000>$K$6,"OK","NOK"),IF(J3000>$K$5,"OK","NOK"))) | O3000: =IF('Raw Data'!B3004=0," ","No") | P3000: =IF('Raw Data'!B3004=0," ",'Raw Data'!F3004 & ".")

Sheet Additional info
A1: CPK Additional Information | G1: CPK > | H1: 1.33
G2: IF SC > | H2: 1.67
A5: Test number | B5: Test Step | C5: Lower Limit | D5: Upper Limit | E5: Average | F5: Current STD | G5: Cp | H5: SC | I5: Max STD for a good CPK | J5: New Lower Limit with current STD | K5: New Upper Limit with current STD | L5: SC No | M5: SC Yes
A6: =IF('Raw Data'!B13=0," ",'Raw Data'!B13) | B6: =IF('Raw Data'!B13=0," ",'Raw Data'!C13) | C6: =IF('Raw Data'!B13=0," ",'Raw Data'!D13) | D6: =IF('Raw Data'!B13=0," ",'Raw Data'!E13) | E6: =IF('Raw Data'!B13=0," ",AVERAGE('Raw Data'!G13:JP13)) | F6: =IF('Raw Data'!B13=0," ",_xlfn.STDEV.S('Raw Data'!G13:JP13)) | G6: =IF('Raw Data'!B13=0," ",(D6-C6)/6/F6) | H6: =IF('Raw Data'!B13=0," ","No") | I6: =IF('Raw Data'!B13=0," ",IF(H6="Yes",MIN(D6-E6,E6-C6)/3/$H$2,MIN(E6-C6,D6-E6)/3/$H$1)) | J6: =IF('Raw Data'!B13=0," ",E6-6*F6) | K6: =IF('Raw Data'!B13=0," ",E6+6*F6) | L6: =IF('Raw Data'!B13=0," ","No") | M6: =IF('Raw Data'!B13=0," ","Yes")
A7: =IF('Raw Data'!B14=0," ",'Raw Data'!B14) | B7: =IF('Raw Data'!B14=0," ",'Raw Data'!C14) | C7: =IF('Raw Data'!B14=0," ",'Raw Data'!D14) | D7: =IF('Raw Data'!B14=0," ",'Raw Data'!E14) | E7: =IF('Raw Data'!B14=0," ",AVERAGE('Raw Data'!G14:JP14)) | F7: =IF('Raw Data'!B14=0," ",_xlfn.STDEV.S('Raw Data'!G14:JP14)) | G7: =IF('Raw Data'!B14=0," ",(D7-C7)/6/F7) | H7: =IF('Raw Data'!B14=0," ","No") | I7: =IF('Raw Data'!B14=0," ",IF(H7="Yes",MIN(D7-E7,E7-C7)/3/$H$2,MIN(E7-C7,D7-E7)/3/$H$1)) | J7: =IF('Raw Data'!B14=0," ",E7-6*F7) | K7: =IF('Raw Data'!B14=0," ",E7+6*F7) | L7: =IF('Raw Data'!B14=0," ","No") | M7: =IF('Raw Data'!B14=0," ","Yes")
A8: =IF('Raw Data'!B15=0," ",'Raw Data'!B15) | B8: =IF('Raw Data'!B15=0," ",'Raw Data'!C15) | C8: =IF('Raw Data'!B15=0," ",'Raw Data'!D15) | D8: =IF('Raw Data'!B15=0," ",'Raw Data'!E15) | E8: =IF('Raw Data'!B15=0," ",AVERAGE('Raw Data'!G15:JP15)) | F8: =IF('Raw Data'!B15=0," ",_xlfn.STDEV.S('Raw Data'!G15:JP15)) | G8: =IF('Raw Data'!B15=0," ",(D8-C8)/6/F8) | H8: =IF('Raw Data'!B15=0," ","No") | I8: =IF('Raw Data'!B15=0," ",IF(H8="Yes",MIN(D8-E8,E8-C8)/3/$H$2,MIN(E8-C8,D8-E8)/3/$H$1)) | J8: =IF('Raw Data'!B15=0," ",E8-6*F8) | K8: =IF('Raw Data'!B15=0," ",E8+6*F8) | L8: =IF('Raw Data'!B15=0," ","No") | M8: =IF('Raw Data'!B15=0," ","Yes")
A9: =IF('Raw Data'!B16=0," ",'Raw Data'!B16) | B9: =IF('Raw Data'!B16=0," ",'Raw Data'!C16) | C9: =IF('Raw Data'!B16=0," ",'Raw Data'!D16) | D9: =IF('Raw Data'!B16=0," ",'Raw Data'!E16) | E9: =IF('Raw Data'!B16=0," ",AVERAGE('Raw Data'!G16:JP16)) | F9: =IF('Raw Data'!B16=0," ",_xlfn.STDEV.S('Raw Data'!G16:JP16)) | G9: =IF('Raw Data'!B16=0," ",(D9-C9)/6/F9) | H9: =IF('Raw Data'!B16=0," ","No") | I9: =IF('Raw Data'!B16=0," ",IF(H9="Yes",MIN(D9-E9,E9-C9)/3/$H$2,MIN(E9-C9,D9-E9)/3/$H$1)) | J9: =IF('Raw Data'!B16=0," ",E9-6*F9) | K9: =IF('Raw Data'!B16=0," ",E9+6*F9) | L9: =IF('Raw Data'!B16=0," ","No") | M9: =IF('Raw Data'!B16=0," ","Yes")
A10: =IF('Raw Data'!B17=0," ",'Raw Data'!B17) | B10: =IF('Raw Data'!B17=0," ",'Raw Data'!C17) | C10: =IF('Raw Data'!B17=0," ",'Raw Data'!D17) | D10: =IF('Raw Data'!B17=0," ",'Raw Data'!E17) | E10: =IF('Raw Data'!B17=0," ",AVERAGE('Raw Data'!G17:JP17)) | F10: =IF('Raw Data'!B17=0," ",_xlfn.STDEV.S('Raw Data'!G17:JP17)) | G10: =IF('Raw Data'!B17=0," ",(D10-C10)/6/F10) | H10: =IF('Raw Data'!B17=0," ","No") | I10: =IF('Raw Data'!B17=0," ",IF(H10="Yes",MIN(D10-E10,E10-C10)/3/$H$2,MIN(E10-C10,D10-E10)/3/$H$1)) | J10: =IF('Raw Data'!B17=0," ",E10-6*F10) | K10: =IF('Raw Data'!B17=0," ",E10+6*F10) | L10: =IF('Raw Data'!B17=0," ","No") | M10: =IF('Raw Data'!B17=0," ","Yes")
A11: =IF('Raw Data'!B18=0," ",'Raw Data'!B18) | B11: =IF('Raw Data'!B18=0," ",'Raw Data'!C18) | C11: =IF('Raw Data'!B18=0," ",'Raw Data'!D18) | D11: =IF('Raw Data'!B18=0," ",'Raw Data'!E18) | E11: =IF('Raw Data'!B18=0," ",AVERAGE('Raw Data'!G18:JP18)) | F11: =IF('Raw Data'!B18=0," ",_xlfn.STDEV.S('Raw Data'!G18:JP18)) | G11: =IF('Raw Data'!B18=0," ",(D11-C11)/6/F11) | H11: =IF('Raw Data'!B18=0," ","No") | I11: =IF('Raw Data'!B18=0," ",IF(H11="Yes",MIN(D11-E11,E11-C11)/3/$H$2,MIN(E11-C11,D11-E11)/3/$H$1)) | J11: =IF('Raw Data'!B18=0," ",E11-6*F11) | K11: =IF('Raw Data'!B18=0," ",E11+6*F11) | L11: =IF('Raw Data'!B18=0," ","No") | M11: =IF('Raw Data'!B18=0," ","Yes")
A12: =IF('Raw Data'!B19=0," ",'Raw Data'!B19) | B12: =IF('Raw Data'!B19=0," ",'Raw Data'!C19) | C12: =IF('Raw Data'!B19=0," ",'Raw Data'!D19) | D12: =IF('Raw Data'!B19=0," ",'Raw Data'!E19) | E12: =IF('Raw Data'!B19=0," ",AVERAGE('Raw Data'!G19:JP19)) | F12: =IF('Raw Data'!B19=0," ",_xlfn.STDEV.S('Raw Data'!G19:JP19)) | G12: =IF('Raw Data'!B19=0," ",(D12-C12)/6/F12) | H12: =IF('Raw Data'!B19=0," ","No") | I12: =IF('Raw Data'!B19=0," ",IF(H12="Yes",MIN(D12-E12,E12-C12)/3/$H$2,MIN(E12-C12,D12-E12)/3/$H$1)) | J12: =IF('Raw Data'!B19=0," ",E12-6*F12) | K12: =IF('Raw Data'!B19=0," ",E12+6*F12) | L12: =IF('Raw Data'!B19=0," ","No") | M12: =IF('Raw Data'!B19=0," ","Yes")
A13: =IF('Raw Data'!B20=0," ",'Raw Data'!B20) | B13: =IF('Raw Data'!B20=0," ",'Raw Data'!C20) | C13: =IF('Raw Data'!B20=0," ",'Raw Data'!D20) | D13: =IF('Raw Data'!B20=0," ",'Raw Data'!E20) | E13: =IF('Raw Data'!B20=0," ",AVERAGE('Raw Data'!G20:JP20)) | F13: =IF('Raw Data'!B20=0," ",_xlfn.STDEV.S('Raw Data'!G20:JP20)) | G13: =IF('Raw Data'!B20=0," ",(D13-C13)/6/F13) | H13: =IF('Raw Data'!B20=0," ","No") | I13: =IF('Raw Data'!B20=0," ",IF(H13="Yes",MIN(D13-E13,E13-C13)/3/$H$2,MIN(E13-C13,D13-E13)/3/$H$1)) | J13: =IF('Raw Data'!B20=0," ",E13-6*F13) | K13: =IF('Raw Data'!B20=0," ",E13+6*F13) | L13: =IF('Raw Data'!B20=0," ","No") | M13: =IF('Raw Data'!B20=0," ","Yes")
A14: =IF('Raw Data'!B21=0," ",'Raw Data'!B21) | B14: =IF('Raw Data'!B21=0," ",'Raw Data'!C21) | C14: =IF('Raw Data'!B21=0," ",'Raw Data'!D21) | D14: =IF('Raw Data'!B21=0," ",'Raw Data'!E21) | E14: =IF('Raw Data'!B21=0," ",AVERAGE('Raw Data'!G21:JP21)) | F14: =IF('Raw Data'!B21=0," ",_xlfn.STDEV.S('Raw Data'!G21:JP21)) | G14: =IF('Raw Data'!B21=0," ",(D14-C14)/6/F14) | H14: =IF('Raw Data'!B21=0," ","No") | I14: =IF('Raw Data'!B21=0," ",IF(H14="Yes",MIN(D14-E14,E14-C14)/3/$H$2,MIN(E14-C14,D14-E14)/3/$H$1)) | J14: =IF('Raw Data'!B21=0," ",E14-6*F14) | K14: =IF('Raw Data'!B21=0," ",E14+6*F14) | L14: =IF('Raw Data'!B21=0," ","No") | M14: =IF('Raw Data'!B21=0," ","Yes")
A15: =IF('Raw Data'!B22=0," ",'Raw Data'!B22) | B15: =IF('Raw Data'!B22=0," ",'Raw Data'!C22) | C15: =IF('Raw Data'!B22=0," ",'Raw Data'!D22) | D15: =IF('Raw Data'!B22=0," ",'Raw Data'!E22) | E15: =IF('Raw Data'!B22=0," ",AVERAGE('Raw Data'!G22:JP22)) | F15: =IF('Raw Data'!B22=0," ",_xlfn.STDEV.S('Raw Data'!G22:JP22)) | G15: =IF('Raw Data'!B22=0," ",(D15-C15)/6/F15) | H15: =IF('Raw Data'!B22=0," ","No") | I15: =IF('Raw Data'!B22=0," ",IF(H15="Yes",MIN(D15-E15,E15-C15)/3/$H$2,MIN(E15-C15,D15-E15)/3/$H$1)) | J15: =IF('Raw Data'!B22=0," ",E15-6*F15) | K15: =IF('Raw Data'!B22=0," ",E15+6*F15) | L15: =IF('Raw Data'!B22=0," ","No") | M15: =IF('Raw Data'!B22=0," ","Yes")
A16: =IF('Raw Data'!B23=0," ",'Raw Data'!B23) | B16: =IF('Raw Data'!B23=0," ",'Raw Data'!C23) | C16: =IF('Raw Data'!B23=0," ",'Raw Data'!D23) | D16: =IF('Raw Data'!B23=0," ",'Raw Data'!E23) | E16: =IF('Raw Data'!B23=0," ",AVERAGE('Raw Data'!G23:JP23)) | F16: =IF('Raw Data'!B23=0," ",_xlfn.STDEV.S('Raw Data'!G23:JP23)) | G16: =IF('Raw Data'!B23=0," ",(D16-C16)/6/F16) | H16: =IF('Raw Data'!B23=0," ","No") | I16: =IF('Raw Data'!B23=0," ",IF(H16="Yes",MIN(D16-E16,E16-C16)/3/$H$2,MIN(E16-C16,D16-E16)/3/$H$1)) | J16: =IF('Raw Data'!B23=0," ",E16-6*F16) | K16: =IF('Raw Data'!B23=0," ",E16+6*F16) | L16: =IF('Raw Data'!B23=0," ","No") | M16: =IF('Raw Data'!B23=0," ","Yes")
A17: =IF('Raw Data'!B24=0," ",'Raw Data'!B24) | B17: =IF('Raw Data'!B24=0," ",'Raw Data'!C24) | C17: =IF('Raw Data'!B24=0," ",'Raw Data'!D24) | D17: =IF('Raw Data'!B24=0," ",'Raw Data'!E24) | E17: =IF('Raw Data'!B24=0," ",AVERAGE('Raw Data'!G24:JP24)) | F17: =IF('Raw Data'!B24=0," ",_xlfn.STDEV.S('Raw Data'!G24:JP24)) | G17: =IF('Raw Data'!B24=0," ",(D17-C17)/6/F17) | H17: =IF('Raw Data'!B24=0," ","No") | I17: =IF('Raw Data'!B24=0," ",IF(H17="Yes",MIN(D17-E17,E17-C17)/3/$H$2,MIN(E17-C17,D17-E17)/3/$H$1)) | J17: =IF('Raw Data'!B24=0," ",E17-6*F17) | K17: =IF('Raw Data'!B24=0," ",E17+6*F17) | L17: =IF('Raw Data'!B24=0," ","No") | M17: =IF('Raw Data'!B24=0," ","Yes")
... A3000: =IF('Raw Data'!B3007=0," ",'Raw Data'!B3007) | B3000: =IF('Raw Data'!B3007=0," ",'Raw Data'!C3007) | C3000: =IF('Raw Data'!B3007=0," ",'Raw Data'!D3007) | D3000: =IF('Raw Data'!B3007=0," ",'Raw Data'!E3007) | E3000: =IF('Raw Data'!B3007=0," ",AVERAGE('Raw Data'!G3007:JP3007)) | F3000: =IF('Raw Data'!B3007=0," ",_xlfn.STDEV.S('Raw Data'!G3007:JP3007)) | G3000: =IF('Raw Data'!B3007=0," ",(D3000-C3000)/6/F3000) | H3000: =IF('Raw Data'!B3007=0," ","No") | I3000: =IF('Raw Data'!B3007=0," ",IF(H3000="Yes",MIN(D3000-E3000,E3000-C3000)/3/$H$2,MIN(E3000-C3000,D3000-E3000)/3/$H$1)) | J3000: =IF('Raw Data'!B3007=0," ",E3000-6*F3000) | K3000: =IF('Raw Data'!B3007=0," ",E3000+6*F3000) | L3000: =IF('Raw Data'!B3007=0," ","No") | M3000: =IF('Raw Data'!B3007=0," ","Yes")

Sheet Raw Data
A1: RAW DATA | I1: SAME VARIANT METHOD : 30 PRODUCTS
G6: PART 1 | H6: PART 2 | I6: PART 3 | J6: PART 4 | K6: PART 5 | L6: PART 6 | M6: PART 7 | N6: PART 8 | O6: PART 9 | P6: PART 10 | Q6: PART 11 | R6: PART 12 | S6: PART 13 | T6: PART 14 | U6: PART 15 | V6: PART 16 | W6: PART 17 | X6: PART 18 | Y6: PART 19 | Z6: PART 20 | AA6: PART 21 | AB6: PART 22 | AC6: PART 23 | AD6: PART 24 | AE6: PART 25 | AF6: PART 26 | AG6: PART 27 | AH6: PART 28 | AI6: PART 29 | AJ6: PART 30 | AK6: PART ++
F7: PATH
F8: STATUS
F9: SN
B11: TESTS | D11: LOWER LIMIT | E11: UPPER LIMIT | F11: COMMENTARY | G11: MEASURES 1 | H11: MEASURES 2 | I11: MEASURES 3 | J11: MEASURES 4 | K11: MEASURES 5 | L11: MEASURES 6 | M11: MEASURES 7 | N11: MEASURES 8 | O11: MEASURES 9 | P11: MEASURES 10 | Q11: MEASURES 11 | R11: MEASURES 12 | S11: MEASURES 13 | T11: MEASURES 14 | U11: MEASURES 15 | V11: MEASURES 16 | W11: MEASURES 17 | X11: MEASURES 18 | Y11: MEASURES 19 | Z11: MEASURES 20 | AA11: MEASURES 21 | AB11: MEASURES 22 | AC11: MEASURES 23 | AD11: MEASURES 24 | AE11: MEASURES 25 | AF11: MEASURES 26 | AG11: MEASURES 27 | AH11: MEASURES 28 | AI11: MEASURES 29 | AJ11: MEASURES 30 | AK11: MEASURES ++
