Workbook

Sheet Header
D2: <PROJECT> RESTRICTED | H2: AT243 - V3.0
A4: Measurement System Analysis Report
A10: Product Name :
A11: Product Reference :
A12: HW / SW Release :
C16: EQUIPMENT REF. | E16: EQUIPMENT DESIGNATION
C17: P300… | E17: Functional Test - E10…
C20: REPORT GENERAL STATUS
C21: OK | E21: OK | F21: NOK
B24: EVOLUTION Tracking
B25: Doc. Index | C25: Date | D25: Evolution description
I35: Factories Addresses:
I37: 10, Avenue Edouard Serres - B.P. 60112 31772 COLOMIERS Cedex FRANCE
B38: APPROVAL | D38: NAME | F38: DATE | G38: SIGNATURE | I38: Z.I. Charguia II - 2 Rue des Entrepreneurs 2035 Tunis-Carthage TUNISIA
B39: Author | I39: Z.I. Charguia II - 2 Impasse des Entrepreneurs 2035 Tunis-Carthage TUNISIA
B40: Test Project Leader | I40: 15385 Pine Romulus MI 48174 USA
B41: Project Manager
B42: Quality Manager
B45: ACTIA Automotive Factory | F45: Headquarters
B46: =IF($B$45="ACTIA Automotive Factory",I37,IF($B$45="CIPI ACTIA Factory",I38,IF($B$45="ACTIA Tunisie Factory",I39,IF($B$45="ACTIA Electronics Factory",I40,"NO INFORMATION")))) -> 10, Avenue Edouard Serres - B.P. 60112 31772 COLOMIERS Cedex FRANCE | F46: 5, rue Jorge Semprun - B.P. 74215 31432 TOULOUSE cedex 4 (FRANCE) Tél. +33 (0)5 61 17 61 61 Fax + 33 (0)5 61 55 42 31

Sheet GRR & NDC Report
F1: GR&R REPORT
A5: GRR NDC Report Method : 1 product variant, 2 Parts, 2 Operators, 3 Trials per operator. | E5: NUMBER OF TESTS | J5: NDC Analysis = | K5: No
E6: =3000-8-COUNTIF(A9:A3000,"") -> 0 | H6: GR&R% < | I6: 0.3
H7: IF SC < | I7: 0.1 | J7: NDC > | K7: 5
A8: Test Number | B8: Test Name | C8: Lower Limit | D8: Upper Limit | E8: Equipment Variation | F8: Operator Variation | G8: Product Variation | H8: %GR&R | I8: SC (Yes/No) | J8: NDC | K8: Cpk (Imported) | L8: MSA Status | M8: Comments / Remedial Actions
A9: =IF('Raw Data'!B13=0,"",'MSA Analaysis'!A6) | B9: =IF('Raw Data'!B13=0,"",'MSA Analaysis'!B6) | C9: =IF('Raw Data'!B13=0," ",'MSA Analaysis'!C6) | D9: =IF('Raw Data'!B13=0," ",'MSA Analaysis'!D6) | E9: =IF('Raw Data'!B13=0," ",'MSA Analaysis'!R6) | F9: =IF('Raw Data'!B13=0," ",'MSA Analaysis'!T6) | G9: =IF('Raw Data'!B13=0," ",'MSA Analaysis'!W6) | H9: =IF('Raw Data'!B13=0," ",'MSA Analaysis'!X6) | I9: =IF('Raw Data'!B13=0," ","No") | J9: =IF('Raw Data'!B13=0," ",IF($K$5="Yes",'MSA Analaysis'!Y6,"ND")) | K9: =IF('Raw Data'!B13=0," ",IF($K$5="Yes",'MSA Analaysis'!Z6,"ND")) | L9: =IF('Raw Data'!B13=0," ",IF(K9="ND",IF(I9="Yes",IF($K$5="Yes",IF(AND(H9<$I$7,J9>$K$7),"OK","NOK"),IF(H9<$I$7,"OK","NOK")),IF($K$5="Yes",IF(AND(H9<$I$6,J9>$K$7),"OK","NOK"),IF(H9<$I$6,"OK","NOK"))),IF(I9="Yes",IF($K$5="Yes",IF(AND(H9<$I$7,OR(J9>$K$7,K9>2.5)),"OK","NOK"),IF(H9<$I$7,"OK","NOK")),IF($K$5="Yes",IF(AND(H9<$I$6,OR(J9>$K$7,K9>2.5)),"OK","NOK"),IF(H9<$I$6,"OK","NOK"))))) | M9: =IF('Raw Data'!B13=0," ",'MSA Analaysis'!AA6 & ".")
A10: =IF('Raw Data'!B14=0,"",'MSA Analaysis'!A7) | B10: =IF('Raw Data'!B14=0,"",'MSA Analaysis'!B7) | C10: =IF('Raw Data'!B14=0," ",'MSA Analaysis'!C7) | D10: =IF('Raw Data'!B14=0," ",'MSA Analaysis'!D7) | E10: =IF('Raw Data'!B14=0," ",'MSA Analaysis'!R7) | F10: =IF('Raw Data'!B14=0," ",'MSA Analaysis'!T7) | G10: =IF('Raw Data'!B14=0," ",'MSA Analaysis'!W7) | H10: =IF('Raw Data'!B14=0," ",'MSA Analaysis'!X7) | I10: =IF('Raw Data'!B14=0," ","No") | J10: =IF('Raw Data'!B14=0," ",IF($K$5="Yes",'MSA Analaysis'!Y7,"ND")) | K10: =IF('Raw Data'!B14=0," ",IF($K$5="Yes",'MSA Analaysis'!Z7,"ND")) | L10: =IF('Raw Data'!B14=0," ",IF(K10="ND",IF(I10="Yes",IF($K$5="Yes",IF(AND(H10<$I$7,J10>$K$7),"OK","NOK"),IF(H10<$I$7,"OK","NOK")),IF($K$5="Yes",IF(AND(H10<$I$6,J10>$K$7),"OK","NOK"),IF(H10<$I$6,"OK","NOK"))),IF(I10="Yes",IF($K$5="Yes",IF(AND(H10<$I$7,OR(J10>$K$7,K10>2.5)),"OK","NOK"),IF(H10<$I$7,"OK","NOK")),IF($K$5="Yes",IF(AND(H10<$I$6,OR(J10>$K$7,K10>2.5)),"OK","NOK"),IF(H10<$I$6,"OK","NOK"))))) | M10: =IF('Raw Data'!B14=0," ",'MSA Analaysis'!AA7 & ".")
A11: =IF('Raw Data'!B15=0,"",'MSA Analaysis'!A8) | B11: =IF('Raw Data'!B15=0,"",'MSA Analaysis'!B8) | C11: =IF('Raw Data'!B15=0," ",'MSA Analaysis'!C8) | D11: =IF('Raw Data'!B15=0," ",'MSA Analaysis'!D8) | E11: =IF('Raw Data'!B15=0," ",'MSA Analaysis'!R8) | F11: =IF('Raw Data'!B15=0," ",'MSA Analaysis'!T8) | G11: =IF('Raw Data'!B15=0," ",'MSA Analaysis'!W8) | H11: =IF('Raw Data'!B15=0," ",'MSA Analaysis'!X8) | I11: =IF('Raw Data'!B15=0," ","No") | J11: =IF('Raw Data'!B15=0," ",IF($K$5="Yes",'MSA Analaysis'!Y8,"ND")) | K11: =IF('Raw Data'!B15=0," ",IF($K$5="Yes",'MSA Analaysis'!Z8,"ND")) | L11: =IF('Raw Data'!B15=0," ",IF(K11="ND",IF(I11="Yes",IF($K$5="Yes",IF(AND(H11<$I$7,J11>$K$7),"OK","NOK"),IF(H11<$I$7,"OK","NOK")),IF($K$5="Yes",IF(AND(H11<$I$6,J11>$K$7),"OK","NOK"),IF(H11<$I$6,"OK","NOK"))),IF(I11="Yes",IF($K$5="Yes",IF(AND(H11<$I$7,OR(J11>$K$7,K11>2.5)),"OK","NOK"),IF(H11<$I$7,"OK","NOK")),IF($K$5="Yes",IF(AND(H11<$I$6,OR(J11>$K$7,K11>2.5)),"OK","NOK"),IF(H11<$I$6,"OK","NOK"))))) | M11: =IF('Raw Data'!B15=0," ",'MSA Analaysis'!AA8 & ".")
A12: =IF('Raw Data'!B16=0,"",'MSA Analaysis'!A9) | B12: =IF('Raw Data'!B16=0,"",'MSA Analaysis'!B9) | C12: =IF('Raw Data'!B16=0," ",'MSA Analaysis'!C9) | D12: =IF('Raw Data'!B16=0," ",'MSA Analaysis'!D9) | E12: =IF('Raw Data'!B16=0," ",'MSA Analaysis'!R9) | F12: =IF('Raw Data'!B16=0," ",'MSA Analaysis'!T9) | G12: =IF('Raw Data'!B16=0," ",'MSA Analaysis'!W9) | H12: =IF('Raw Data'!B16=0," ",'MSA Analaysis'!X9) | I12: =IF('Raw Data'!B16=0," ","No") | J12: =IF('Raw Data'!B16=0," ",IF($K$5="Yes",'MSA Analaysis'!Y9,"ND")) | K12: =IF('Raw Data'!B16=0," ",IF($K$5="Yes",'MSA Analaysis'!Z9,"ND")) | L12: =IF('Raw Data'!B16=0," ",IF(K12="ND",IF(I12="Yes",IF($K$5="Yes",IF(AND(H12<$I$7,J12>$K$7),"OK","NOK"),IF(H12<$I$7,"OK","NOK")),IF($K$5="Yes",IF(AND(H12<$I$6,J12>$K$7),"OK","NOK"),IF(H12<$I$6,"OK","NOK"))),IF(I12="Yes",IF($K$5="Yes",IF(AND(H12<$I$7,OR(J12>$K$7,K12>2.5)),"OK","NOK"),IF(H12<$I$7,"OK","NOK")),IF($K$5="Yes",IF(AND(H12<$I$6,OR(J12>$K$7,K12>2.5)),"OK","NOK"),IF(H12<$I$6,"OK","NOK"))))) | M12: =IF('Raw Data'!B16=0," ",'MSA Analaysis'!AA9 & ".")
A13: =IF('Raw Data'!B17=0,"",'MSA Analaysis'!A10) | B13: =IF('Raw Data'!B17=0,"",'MSA Analaysis'!B10) | C13: =IF('Raw Data'!B17=0," ",'MSA Analaysis'!C10) | D13: =IF('Raw Data'!B17=0," ",'MSA Analaysis'!D10) | E13: =IF('Raw Data'!B17=0," ",'MSA Analaysis'!R10) | F13: =IF('Raw Data'!B17=0," ",'MSA Analaysis'!T10) | G13: =IF('Raw Data'!B17=0," ",'MSA Analaysis'!W10) | H13: =IF('Raw Data'!B17=0," ",'MSA Analaysis'!X10) | I13: =IF('Raw Data'!B17=0," ","No") | J13: =IF('Raw Data'!B17=0," ",IF($K$5="Yes",'MSA Analaysis'!Y10,"ND")) | K13: =IF('Raw Data'!B17=0," ",IF($K$5="Yes",'MSA Analaysis'!Z10,"ND")) | L13: =IF('Raw Data'!B17=0," ",IF(K13="ND",IF(I13="Yes",IF($K$5="Yes",IF(AND(H13<$I$7,J13>$K$7),"OK","NOK"),IF(H13<$I$7,"OK","NOK")),IF($K$5="Yes",IF(AND(H13<$I$6,J13>$K$7),"OK","NOK"),IF(H13<$I$6,"OK","NOK"))),IF(I13="Yes",IF($K$5="Yes",IF(AND(H13<$I$7,OR(J13>$K$7,K13>2.5)),"OK","NOK"),IF(H13<$I$7,"OK","NOK")),IF($K$5="Yes",IF(AND(H13<$I$6,OR(J13>$K$7,K13>2.5)),"OK","NOK"),IF(H13<$I$6,"OK","NOK"))))) | M13: =IF('Raw Data'!B17=0," ",'MSA Analaysis'!AA10 & ".")
A14: =IF('Raw Data'!B18=0,"",'MSA Analaysis'!A11) | B14: =IF('Raw Data'!B18=0,"",'MSA Analaysis'!B11) | C14: =IF('Raw Data'!B18=0," ",'MSA Analaysis'!C11) | D14: =IF('Raw Data'!B18=0," ",'MSA Analaysis'!D11) | E14: =IF('Raw Data'!B18=0," ",'MSA Analaysis'!R11) | F14: =IF('Raw Data'!B18=0," ",'MSA Analaysis'!T11) | G14: =IF('Raw Data'!B18=0," ",'MSA Analaysis'!W11) | H14: =IF('Raw Data'!B18=0," ",'MSA Analaysis'!X11) | I14: =IF('Raw Data'!B18=0," ","No") | J14: =IF('Raw Data'!B18=0," ",IF($K$5="Yes",'MSA Analaysis'!Y11,"ND")) | K14: =IF('Raw Data'!B18=0," ",IF($K$5="Yes",'MSA Analaysis'!Z11,"ND")) | L14: =IF('Raw Data'!B18=0," ",IF(K14="ND",IF(I14="Yes",IF($K$5="Yes",IF(AND(H14<$I$7,J14>$K$7),"OK","NOK"),IF(H14<$I$7,"OK","NOK")),IF($K$5="Yes",IF(AND(H14<$I$6,J14>$K$7),"OK","NOK"),IF(H14<$I$6,"OK","NOK"))),IF(I14="Yes",IF($K$5="Yes",IF(AND(H14<$I$7,OR(J14>$K$7,K14>2.5)),"OK","NOK"),IF(H14<$I$7,"OK","NOK")),IF($K$5="Yes",IF(AND(H14<$I$6,OR(J14>$K$7,K14>2.5)),"OK","NOK"),IF(H14<$I$6,"OK","NOK"))))) | M14: =IF('Raw Data'!B18=0," ",'MSA Analaysis'!AA11 & ".")
A15: =IF('Raw Data'!B19=0,"",'MSA Analaysis'!A12) | B15: =IF('Raw Data'!B19=0,"",'MSA Analaysis'!B12) | C15: =IF('Raw Data'!B19=0," ",'MSA Analaysis'!C12) | D15: =IF('Raw Data'!B19=0," ",'MSA Analaysis'!D12) | E15: =IF('Raw Data'!B19=0," ",'MSA Analaysis'!R12) | F15: =IF('Raw Data'!B19=0," ",'MSA Analaysis'!T12) | G15: =IF('Raw Data'!B19=0," ",'MSA Analaysis'!W12) | H15: =IF('Raw Data'!B19=0," ",'MSA Analaysis'!X12) | I15: =IF('Raw Data'!B19=0," ","No") | J15: =IF('Raw Data'!B19=0," ",IF($K$5="Yes",'MSA Analaysis'!Y12,"ND")) | K15: =IF('Raw Data'!B19=0," ",IF($K$5="Yes",'MSA Analaysis'!Z12,"ND")) | L15: =IF('Raw Data'!B19=0," ",IF(K15="ND",IF(I15="Yes",IF($K$5="Yes",IF(AND(H15<$I$7,J15>$K$7),"OK","NOK"),IF(H15<$I$7,"OK","NOK")),IF($K$5="Yes",IF(AND(H15<$I$6,J15>$K$7),"OK","NOK"),IF(H15<$I$6,"OK","NOK"))),IF(I15="Yes",IF($K$5="Yes",IF(AND(H15<$I$7,OR(J15>$K$7,K15>2.5)),"OK","NOK"),IF(H15<$I$7,"OK","NOK")),IF($K$5="Yes",IF(AND(H15<$I$6,OR(J15>$K$7,K15>2.5)),"OK","NOK"),IF(H15<$I$6,"OK","NOK"))))) | M15: =IF('Raw Data'!B19=0," ",'MSA Analaysis'!AA12 & ".")
A16: =IF('Raw Data'!B20=0,"",'MSA Analaysis'!A13) | B16: =IF('Raw Data'!B20=0,"",'MSA Analaysis'!B13) | C16: =IF('Raw Data'!B20=0," ",'MSA Analaysis'!C13) | D16: =IF('Raw Data'!B20=0," ",'MSA Analaysis'!D13) | E16: =IF('Raw Data'!B20=0," ",'MSA Analaysis'!R13) | F16: =IF('Raw Data'!B20=0," ",'MSA Analaysis'!T13) | G16: =IF('Raw Data'!B20=0," ",'MSA Analaysis'!W13) | H16: =IF('Raw Data'!B20=0," ",'MSA Analaysis'!X13) | I16: =IF('Raw Data'!B20=0," ","No") | J16: =IF('Raw Data'!B20=0," ",IF($K$5="Yes",'MSA Analaysis'!Y13,"ND")) | K16: =IF('Raw Data'!B20=0," ",IF($K$5="Yes",'MSA Analaysis'!Z13,"ND")) | L16: =IF('Raw Data'!B20=0," ",IF(K16="ND",IF(I16="Yes",IF($K$5="Yes",IF(AND(H16<$I$7,J16>$K$7),"OK","NOK"),IF(H16<$I$7,"OK","NOK")),IF($K$5="Yes",IF(AND(H16<$I$6,J16>$K$7),"OK","NOK"),IF(H16<$I$6,"OK","NOK"))),IF(I16="Yes",IF($K$5="Yes",IF(AND(H16<$I$7,OR(J16>$K$7,K16>2.5)),"OK","NOK"),IF(H16<$I$7,"OK","NOK")),IF($K$5="Yes",IF(AND(H16<$I$6,OR(J16>$K$7,K16>2.5)),"OK","NOK"),IF(H16<$I$6,"OK","NOK"))))) | M16: =IF('Raw Data'!B20=0," ",'MSA Analaysis'!AA13 & ".")
A17: =IF('Raw Data'!B21=0,"",'MSA Analaysis'!A14) | B17: =IF('Raw Data'!B21=0,"",'MSA Analaysis'!B14) | C17: =IF('Raw Data'!B21=0," ",'MSA Analaysis'!C14) | D17: =IF('Raw Data'!B21=0," ",'MSA Analaysis'!D14) | E17: =IF('Raw Data'!B21=0," ",'MSA Analaysis'!R14) | F17: =IF('Raw Data'!B21=0," ",'MSA Analaysis'!T14) | G17: =IF('Raw Data'!B21=0," ",'MSA Analaysis'!W14) | H17: =IF('Raw Data'!B21=0," ",'MSA Analaysis'!X14) | I17: =IF('Raw Data'!B21=0," ","No") | J17: =IF('Raw Data'!B21=0," ",IF($K$5="Yes",'MSA Analaysis'!Y14,"ND")) | K17: =IF('Raw Data'!B21=0," ",IF($K$5="Yes",'MSA Analaysis'!Z14,"ND")) | L17: =IF('Raw Data'!B21=0," ",IF(K17="ND",IF(I17="Yes",IF($K$5="Yes",IF(AND(H17<$I$7,J17>$K$7),"OK","NOK"),IF(H17<$I$7,"OK","NOK")),IF($K$5="Yes",IF(AND(H17<$I$6,J17>$K$7),"OK","NOK"),IF(H17<$I$6,"OK","NOK"))),IF(I17="Yes",IF($K$5="Yes",IF(AND(H17<$I$7,OR(J17>$K$7,K17>2.5)),"OK","NOK"),IF(H17<$I$7,"OK","NOK")),IF($K$5="Yes",IF(AND(H17<$I$6,OR(J17>$K$7,K17>2.5)),"OK","NOK"),IF(H17<$I$6,"OK","NOK"))))) | M17: =IF('Raw Data'!B21=0," ",'MSA Analaysis'!AA14 & ".")
A18: =IF('Raw Data'!B22=0,"",'MSA Analaysis'!A15) | B18: =IF('Raw Data'!B22=0,"",'MSA Analaysis'!B15) | C18: =IF('Raw Data'!B22=0," ",'MSA Analaysis'!C15) | D18: =IF('Raw Data'!B22=0," ",'MSA Analaysis'!D15) | E18: =IF('Raw Data'!B22=0," ",'MSA Analaysis'!R15) | F18: =IF('Raw Data'!B22=0," ",'MSA Analaysis'!T15) | G18: =IF('Raw Data'!B22=0," ",'MSA Analaysis'!W15) | H18: =IF('Raw Data'!B22=0," ",'MSA Analaysis'!X15) | I18: =IF('Raw Data'!B22=0," ","No") | J18: =IF('Raw Data'!B22=0," ",IF($K$5="Yes",'MSA Analaysis'!Y15,"ND")) | K18: =IF('Raw Data'!B22=0," ",IF($K$5="Yes",'MSA Analaysis'!Z15,"ND")) | L18: =IF('Raw Data'!B22=0," ",IF(K18="ND",IF(I18="Yes",IF($K$5="Yes",IF(AND(H18<$I$7,J18>$K$7),"OK","NOK"),IF(H18<$I$7,"OK","NOK")),IF($K$5="Yes",IF(AND(H18<$I$6,J18>$K$7),"OK","NOK"),IF(H18<$I$6,"OK","NOK"))),IF(I18="Yes",IF($K$5="Yes",IF(AND(H18<$I$7,OR(J18>$K$7,K18>2.5)),"OK","NOK"),IF(H18<$I$7,"OK","NOK")),IF($K$5="Yes",IF(AND(H18<$I$6,OR(J18>$K$7,K18>2.5)),"OK","NOK"),IF(H18<$I$6,"OK","NOK"))))) | M18: =IF('Raw Data'!B22=0," ",'MSA Analaysis'!AA15 & ".")
A19: =IF('Raw Data'!B23=0,"",'MSA Analaysis'!A16) | B19: =IF('Raw Data'!B23=0,"",'MSA Analaysis'!B16) | C19: =IF('Raw Data'!B23=0," ",'MSA Analaysis'!C16) | D19: =IF('Raw Data'!B23=0," ",'MSA Analaysis'!D16) | E19: =IF('Raw Data'!B23=0," ",'MSA Analaysis'!R16) | F19: =IF('Raw Data'!B23=0," ",'MSA Analaysis'!T16) | G19: =IF('Raw Data'!B23=0," ",'MSA Analaysis'!W16) | H19: =IF('Raw Data'!B23=0," ",'MSA Analaysis'!X16) | I19: =IF('Raw Data'!B23=0," ","No") | J19: =IF('Raw Data'!B23=0," ",IF($K$5="Yes",'MSA Analaysis'!Y16,"ND")) | K19: =IF('Raw Data'!B23=0," ",IF($K$5="Yes",'MSA Analaysis'!Z16,"ND")) | L19: =IF('Raw Data'!B23=0," ",IF(K19="ND",IF(I19="Yes",IF($K$5="Yes",IF(AND(H19<$I$7,J19>$K$7),"OK","NOK"),IF(H19<$I$7,"OK","NOK")),IF($K$5="Yes",IF(AND(H19<$I$6,J19>$K$7),"OK","NOK"),IF(H19<$I$6,"OK","NOK"))),IF(I19="Yes",IF($K$5="Yes",IF(AND(H19<$I$7,OR(J19>$K$7,K19>2.5)),"OK","NOK"),IF(H19<$I$7,"OK","NOK")),IF($K$5="Yes",IF(AND(H19<$I$6,OR(J19>$K$7,K19>2.5)),"OK","NOK"),IF(H19<$I$6,"OK","NOK"))))) | M19: =IF('Raw Data'!B23=0," ",'MSA Analaysis'!AA16 & ".")
A20: =IF('Raw Data'!B24=0,"",'MSA Analaysis'!A17) | B20: =IF('Raw Data'!B24=0,"",'MSA Analaysis'!B17) | C20: =IF('Raw Data'!B24=0," ",'MSA Analaysis'!C17) | D20: =IF('Raw Data'!B24=0," ",'MSA Analaysis'!D17) | E20: =IF('Raw Data'!B24=0," ",'MSA Analaysis'!R17) | F20: =IF('Raw Data'!B24=0," ",'MSA Analaysis'!T17) | G20: =IF('Raw Data'!B24=0," ",'MSA Analaysis'!W17) | H20: =IF('Raw Data'!B24=0," ",'MSA Analaysis'!X17) | I20: =IF('Raw Data'!B24=0," ","No") | J20: =IF('Raw Data'!B24=0," ",IF($K$5="Yes",'MSA Analaysis'!Y17,"ND")) | K20: =IF('Raw Data'!B24=0," ",IF($K$5="Yes",'MSA Analaysis'!Z17,"ND")) | L20: =IF('Raw Data'!B24=0," ",IF(K20="ND",IF(I20="Yes",IF($K$5="Yes",IF(AND(H20<$I$7,J20>$K$7),"OK","NOK"),IF(H20<$I$7,"OK","NOK")),IF($K$5="Yes",IF(AND(H20<$I$6,J20>$K$7),"OK","NOK"),IF(H20<$I$6,"OK","NOK"))),IF(I20="Yes",IF($K$5="Yes",IF(AND(H20<$I$7,OR(J20>$K$7,K20>2.5)),"OK","NOK"),IF(H20<$I$7,"OK","NOK")),IF($K$5="Yes",IF(AND(H20<$I$6,OR(J20>$K$7,K20>2.5)),"OK","NOK"),IF(H20<$I$6,"OK","NOK"))))) | M20: =IF('Raw Data'!B24=0," ",'MSA Analaysis'!AA17 & ".")
... A3000: =IF('Raw Data'!B3004=0,"",'MSA Analaysis'!A2997) | B3000: =IF('Raw Data'!B3004=0,"",'MSA Analaysis'!B2997) | C3000: =IF('Raw Data'!B3004=0," ",'MSA Analaysis'!C2997) | D3000: =IF('Raw Data'!B3004=0," ",'MSA Analaysis'!D2997) | E3000: =IF('Raw Data'!B3004=0," ",'MSA Analaysis'!R2997) | F3000: =IF('Raw Data'!B3004=0," ",'MSA Analaysis'!T2997) | G3000: =IF('Raw Data'!B3004=0," ",'MSA Analaysis'!W2997) | H3000: =IF('Raw Data'!B3004=0," ",'MSA Analaysis'!X2997) | I3000: =IF('Raw Data'!B3004=0," ","No") | J3000: =IF('Raw Data'!B3004=0," ",IF($K$5="Yes",'MSA Analaysis'!Y2997,"ND")) | K3000: =IF('Raw Data'!B3004=0," ",IF($K$5="Yes",'MSA Analaysis'!Z2997,"ND")) | L3000: =IF('Raw Data'!B3004=0," ",IF(K3000="ND",IF(I3000="Yes",IF($K$5="Yes",IF(AND(H3000<$I$7,J3000>$K$7),"OK","NOK"),IF(H3000<$I$7,"OK","NOK")),IF($K$5="Yes",IF(AND(H3000<$I$6,J3000>$K$7),"OK","NOK"),IF(H3000<$I$6,"OK","NOK"))),IF(I3000="Yes",IF($K$5="Yes",IF(AND(H3000<$I$7,OR(J3000>$K$7,K3000>2.5)),"OK","NOK"),IF(H3000<$I$7,"OK","NOK")),IF($K$5="Yes",IF(AND(H3000<$I$6,OR(J3000>$K$7,K3000>2.5)),"OK","NOK"),IF(H3000<$I$6,"OK","NOK"))))) | M3000: =IF('Raw Data'!B3004=0," ",'MSA Analaysis'!AA2997 & ".")

Sheet Analysis

Sheet MSA Analaysis
A1: MSA Intermediary Calculation | G1: K1= | H1: 0.5908
G2: K2= | H2: 0.7071
G3: K3= | H3: 0.7071
A5: Test number | B5: Test Step | C5: Spécification Lower Limit | D5: Spécification Upper Limit | E5: Range Part 1 Operator A | F5: Range Part 1 Operator B | G5: Range Part 2 Operator A | H5: Range Part 2 Operator B | I5: Range Operator A | J5: Range Operator B | K5: Average of all Ranges | L5: Average Operator A | M5: Average Operator B | N5: Xdiff | O5: Average Part 1 Operator A & Operator B | P5: Average Part 2 Operator A & Operator B | Q5: Range of all Part averages | R5: EV | S5: AV² | T5: AV | U5: TV | V5: GR&R | W5: PV | X5: GR&R% | Y5: NDC | Z5: CPK (Imported) | AA5: Commentary | AB5: SC No | AC5: SC Yes
A6: =IF('Raw Data'!B13=0," ",'Raw Data'!B13) | B6: =IF('Raw Data'!B13=0," ",'Raw Data'!C13) | C6: =IF('Raw Data'!B13=0," ",'Raw Data'!D13) | D6: =IF('Raw Data'!B13=0," ",'Raw Data'!E13) | E6: =IF('Raw Data'!B13=0," ",(MAX('Raw Data'!G13:I13)-MIN('Raw Data'!G13:I13))) | F6: =IF('Raw Data'!B13=0," ",(MAX('Raw Data'!J13:L13)-MIN('Raw Data'!J13:L13))) | G6: =IF('Raw Data'!B13=0," ",(MAX('Raw Data'!M13:O13)-MIN('Raw Data'!M13:O13))) | H6: =IF('Raw Data'!B13=0," ",(MAX('Raw Data'!P13:R13)-MIN('Raw Data'!P13:R13))) | I6: =IF('Raw Data'!B13=0," ",AVERAGE(E6,G6)) | J6: =IF('Raw Data'!B13=0," ",AVERAGE(F6,H6)) | K6: =IF('Raw Data'!B13=0," ",AVERAGE(I6,J6)) | L6: =IF('Raw Data'!B13=0," ",AVERAGE('Raw Data'!G13:I13,'Raw Data'!M13:O13)) | M6: =IF('Raw Data'!B13=0," ",AVERAGE('Raw Data'!J13:L13,'Raw Data'!P13:R13)) | N6: =IF('Raw Data'!B13=0," ",(MAX(L6:M6)-MIN(L6,M6))) | O6: =IF('Raw Data'!B13=0," ",AVERAGE('Raw Data'!G13:L13)) | P6: =IF('Raw Data'!B13=0," ",AVERAGE('Raw Data'!M13:R13)) | Q6: =IF('Raw Data'!B13=0," ",(MAX(O6:P6)-MIN(O6:P6))) | R6: =IF('Raw Data'!B13=0," ",K6*$H$1) | S6: =IF('Raw Data'!B13=0," ",(POWER(N6*$H$2, 2)-(POWER(R6,2)/6))) | T6: =IF('Raw Data'!B13=0," ",IF(S6<0,0,SQRT(S6))) | U6: =IF('Raw Data'!B13=0," ",IF((D6-C6)>POWER(10, 50),2*MIN(AVERAGE('Raw Data'!G13:R13)-C6,D6-AVERAGE('Raw Data'!G13:R13)),(D6-C6)/6)) | V6: =IF('Raw Data'!B13=0," ",SQRT(POWER(R6,2)+POWER(T6,2))) | W6: =IF('Raw Data'!B13=0," ",IF(U6<V6,0,SQRT(POWER(U6,2)-POWER(V6,2)))) | X6: =IF('Raw Data'!B13=0," ",V6/U6) | Y6: =IF('Raw Data'!B13=0," ",SQRT(2)*(W6/V6)) | Z6: =IF('Raw Data'!B13=0," ",'Raw Data'!T13) | AA6: =IF('Raw Data'!B13=0,"",'Raw Data'!F13) | AB6: =IF('Raw Data'!B13=0," ","No") | AC6: =IF('Raw Data'!B13=0," ","Yes")
A7: =IF('Raw Data'!B14=0," ",'Raw Data'!B14) | B7: =IF('Raw Data'!B14=0," ",'Raw Data'!C14) | C7: =IF('Raw Data'!B14=0," ",'Raw Data'!D14) | D7: =IF('Raw Data'!B14=0," ",'Raw Data'!E14) | E7: =IF('Raw Data'!B14=0," ",(MAX('Raw Data'!G14:I14)-MIN('Raw Data'!G14:I14))) | F7: =IF('Raw Data'!B14=0," ",(MAX('Raw Data'!J14:L14)-MIN('Raw Data'!J14:L14))) | G7: =IF('Raw Data'!B14=0," ",(MAX('Raw Data'!M14:O14)-MIN('Raw Data'!M14:O14))) | H7: =IF('Raw Data'!B14=0," ",(MAX('Raw Data'!P14:R14)-MIN('Raw Data'!P14:R14))) | I7: =IF('Raw Data'!B14=0," ",AVERAGE(E7,G7)) | J7: =IF('Raw Data'!B14=0," ",AVERAGE(F7,H7)) | K7: =IF('Raw Data'!B14=0," ",AVERAGE(I7,J7)) | L7: =IF('Raw Data'!B14=0," ",AVERAGE('Raw Data'!G14:I14,'Raw Data'!M14:O14)) | M7: =IF('Raw Data'!B14=0," ",AVERAGE('Raw Data'!J14:L14,'Raw Data'!P14:R14)) | N7: =IF('Raw Data'!B14=0," ",(MAX(L7:M7)-MIN(L7,M7))) | O7: =IF('Raw Data'!B14=0," ",AVERAGE('Raw Data'!G14:L14)) | P7: =IF('Raw Data'!B14=0," ",AVERAGE('Raw Data'!M14:R14)) | Q7: =IF('Raw Data'!B14=0," ",(MAX(O7:P7)-MIN(O7:P7))) | R7: =IF('Raw Data'!B14=0," ",K7*$H$1) | S7: =IF('Raw Data'!B14=0," ",(POWER(N7*$H$2, 2)-(POWER(R7,2)/6))) | T7: =IF('Raw Data'!B14=0," ",IF(S7<0,0,SQRT(S7))) | U7: =IF('Raw Data'!B14=0," ",IF((D7-C7)>POWER(10, 50),2*MIN(AVERAGE('Raw Data'!G14:R14)-C7,D7-AVERAGE('Raw Data'!G14:R14)),(D7-C7)/6)) | V7: =IF('Raw Data'!B14=0," ",SQRT(POWER(R7,2)+POWER(T7,2))) | W7: =IF('Raw Data'!B14=0," ",IF(U7<V7,0,SQRT(POWER(U7,2)-POWER(V7,2)))) | X7: =IF('Raw Data'!B14=0," ",V7/U7) | Y7: =IF('Raw Data'!B14=0," ",SQRT(2)*(W7/V7)) | Z7: =IF('Raw Data'!B14=0," ",'Raw Data'!T14) | AA7: =IF('Raw Data'!B14=0," ",'Raw Data'!F14) | AB7: =IF('Raw Data'!B14=0," ","No") | AC7: =IF('Raw Data'!B14=0," ","Yes")
A8: =IF('Raw Data'!B15=0," ",'Raw Data'!B15) | B8: =IF('Raw Data'!B15=0," ",'Raw Data'!C15) | C8: =IF('Raw Data'!B15=0," ",'Raw Data'!D15) | D8: =IF('Raw Data'!B15=0," ",'Raw Data'!E15) | E8: =IF('Raw Data'!B15=0," ",(MAX('Raw Data'!G15:I15)-MIN('Raw Data'!G15:I15))) | F8: =IF('Raw Data'!B15=0," ",(MAX('Raw Data'!J15:L15)-MIN('Raw Data'!J15:L15))) | G8: =IF('Raw Data'!B15=0," ",(MAX('Raw Data'!M15:O15)-MIN('Raw Data'!M15:O15))) | H8: =IF('Raw Data'!B15=0," ",(MAX('Raw Data'!P15:R15)-MIN('Raw Data'!P15:R15))) | I8: =IF('Raw Data'!B15=0," ",AVERAGE(E8,G8)) | J8: =IF('Raw Data'!B15=0," ",AVERAGE(F8,H8)) | K8: =IF('Raw Data'!B15=0," ",AVERAGE(I8,J8)) | L8: =IF('Raw Data'!B15=0," ",AVERAGE('Raw Data'!G15:I15,'Raw Data'!M15:O15)) | M8: =IF('Raw Data'!B15=0," ",AVERAGE('Raw Data'!J15:L15,'Raw Data'!P15:R15)) | N8: =IF('Raw Data'!B15=0," ",(MAX(L8:M8)-MIN(L8,M8))) | O8: =IF('Raw Data'!B15=0," ",AVERAGE('Raw Data'!G15:L15)) | P8: =IF('Raw Data'!B15=0," ",AVERAGE('Raw Data'!M15:R15)) | Q8: =IF('Raw Data'!B15=0," ",(MAX(O8:P8)-MIN(O8:P8))) | R8: =IF('Raw Data'!B15=0," ",K8*$H$1) | S8: =IF('Raw Data'!B15=0," ",(POWER(N8*$H$2, 2)-(POWER(R8,2)/6))) | T8: =IF('Raw Data'!B15=0," ",IF(S8<0,0,SQRT(S8))) | U8: =IF('Raw Data'!B15=0," ",IF((D8-C8)>POWER(10, 50),2*MIN(AVERAGE('Raw Data'!G15:R15)-C8,D8-AVERAGE('Raw Data'!G15:R15)),(D8-C8)/6)) | V8: =IF('Raw Data'!B15=0," ",SQRT(POWER(R8,2)+POWER(T8,2))) | W8: =IF('Raw Data'!B15=0," ",IF(U8<V8,0,SQRT(POWER(U8,2)-POWER(V8,2)))) | X8: =IF('Raw Data'!B15=0," ",V8/U8) | Y8: =IF('Raw Data'!B15=0," ",SQRT(2)*(W8/V8)) | Z8: =IF('Raw Data'!B15=0," ",'Raw Data'!T15) | AA8: =IF('Raw Data'!B15=0," ",'Raw Data'!F15) | AB8: =IF('Raw Data'!B15=0," ","No") | AC8: =IF('Raw Data'!B15=0," ","Yes")
A9: =IF('Raw Data'!B16=0," ",'Raw Data'!B16) | B9: =IF('Raw Data'!B16=0," ",'Raw Data'!C16) | C9: =IF('Raw Data'!B16=0," ",'Raw Data'!D16) | D9: =IF('Raw Data'!B16=0," ",'Raw Data'!E16) | E9: =IF('Raw Data'!B16=0," ",(MAX('Raw Data'!G16:I16)-MIN('Raw Data'!G16:I16))) | F9: =IF('Raw Data'!B16=0," ",(MAX('Raw Data'!J16:L16)-MIN('Raw Data'!J16:L16))) | G9: =IF('Raw Data'!B16=0," ",(MAX('Raw Data'!M16:O16)-MIN('Raw Data'!M16:O16))) | H9: =IF('Raw Data'!B16=0," ",(MAX('Raw Data'!P16:R16)-MIN('Raw Data'!P16:R16))) | I9: =IF('Raw Data'!B16=0," ",AVERAGE(E9,G9)) | J9: =IF('Raw Data'!B16=0," ",AVERAGE(F9,H9)) | K9: =IF('Raw Data'!B16=0," ",AVERAGE(I9,J9)) | L9: =IF('Raw Data'!B16=0," ",AVERAGE('Raw Data'!G16:I16,'Raw Data'!M16:O16)) | M9: =IF('Raw Data'!B16=0," ",AVERAGE('Raw Data'!J16:L16,'Raw Data'!P16:R16)) | N9: =IF('Raw Data'!B16=0," ",(MAX(L9:M9)-MIN(L9,M9))) | O9: =IF('Raw Data'!B16=0," ",AVERAGE('Raw Data'!G16:L16)) | P9: =IF('Raw Data'!B16=0," ",AVERAGE('Raw Data'!M16:R16)) | Q9: =IF('Raw Data'!B16=0," ",(MAX(O9:P9)-MIN(O9:P9))) | R9: =IF('Raw Data'!B16=0," ",K9*$H$1) | S9: =IF('Raw Data'!B16=0," ",(POWER(N9*$H$2, 2)-(POWER(R9,2)/6))) | T9: =IF('Raw Data'!B16=0," ",IF(S9<0,0,SQRT(S9))) | U9: =IF('Raw Data'!B16=0," ",IF((D9-C9)>POWER(10, 50),2*MIN(AVERAGE('Raw Data'!G16:R16)-C9,D9-AVERAGE('Raw Data'!G16:R16)),(D9-C9)/6)) | V9: =IF('Raw Data'!B16=0," ",SQRT(POWER(R9,2)+POWER(T9,2))) | W9: =IF('Raw Data'!B16=0," ",IF(U9<V9,0,SQRT(POWER(U9,2)-POWER(V9,2)))) | X9: =IF('Raw Data'!B16=0," ",V9/U9) | Y9: =IF('Raw Data'!B16=0," ",SQRT(2)*(W9/V9)) | Z9: =IF('Raw Data'!B16=0," ",'Raw Data'!T16) | AA9: =IF('Raw Data'!B16=0," ",'Raw Data'!F16) | AB9: =IF('Raw Data'!B16=0," ","No") | AC9: =IF('Raw Data'!B16=0," ","Yes")
A10: =IF('Raw Data'!B17=0," ",'Raw Data'!B17) | B10: =IF('Raw Data'!B17=0," ",'Raw Data'!C17) | C10: =IF('Raw Data'!B17=0," ",'Raw Data'!D17) | D10: =IF('Raw Data'!B17=0," ",'Raw Data'!E17) | E10: =IF('Raw Data'!B17=0," ",(MAX('Raw Data'!G17:I17)-MIN('Raw Data'!G17:I17))) | F10: =IF('Raw Data'!B17=0," ",(MAX('Raw Data'!J17:L17)-MIN('Raw Data'!J17:L17))) | G10: =IF('Raw Data'!B17=0," ",(MAX('Raw Data'!M17:O17)-MIN('Raw Data'!M17:O17))) | H10: =IF('Raw Data'!B17=0," ",(MAX('Raw Data'!P17:R17)-MIN('Raw Data'!P17:R17))) | I10: =IF('Raw Data'!B17=0," ",AVERAGE(E10,G10)) | J10: =IF('Raw Data'!B17=0," ",AVERAGE(F10,H10)) | K10: =IF('Raw Data'!B17=0," ",AVERAGE(I10,J10)) | L10: =IF('Raw Data'!B17=0," ",AVERAGE('Raw Data'!G17:I17,'Raw Data'!M17:O17)) | M10: =IF('Raw Data'!B17=0," ",AVERAGE('Raw Data'!J17:L17,'Raw Data'!P17:R17)) | N10: =IF('Raw Data'!B17=0," ",(MAX(L10:M10)-MIN(L10,M10))) | O10: =IF('Raw Data'!B17=0," ",AVERAGE('Raw Data'!G17:L17)) | P10: =IF('Raw Data'!B17=0," ",AVERAGE('Raw Data'!M17:R17)) | Q10: =IF('Raw Data'!B17=0," ",(MAX(O10:P10)-MIN(O10:P10))) | R10: =IF('Raw Data'!B17=0," ",K10*$H$1) | S10: =IF('Raw Data'!B17=0," ",(POWER(N10*$H$2, 2)-(POWER(R10,2)/6))) | T10: =IF('Raw Data'!B17=0," ",IF(S10<0,0,SQRT(S10))) | U10: =IF('Raw Data'!B17=0," ",IF((D10-C10)>POWER(10, 50),2*MIN(AVERAGE('Raw Data'!G17:R17)-C10,D10-AVERAGE('Raw Data'!G17:R17)),(D10-C10)/6)) | V10: =IF('Raw Data'!B17=0," ",SQRT(POWER(R10,2)+POWER(T10,2))) | W10: =IF('Raw Data'!B17=0," ",IF(U10<V10,0,SQRT(POWER(U10,2)-POWER(V10,2)))) | X10: =IF('Raw Data'!B17=0," ",V10/U10) | Y10: =IF('Raw Data'!B17=0," ",SQRT(2)*(W10/V10)) | Z10: =IF('Raw Data'!B17=0," ",'Raw Data'!T17) | AA10: =IF('Raw Data'!B17=0," ",'Raw Data'!F17) | AB10: =IF('Raw Data'!B17=0," ","No") | AC10: =IF('Raw Data'!B17=0," ","Yes")
A11: =IF('Raw Data'!B18=0," ",'Raw Data'!B18) | B11: =IF('Raw Data'!B18=0," ",'Raw Data'!C18) | C11: =IF('Raw Data'!B18=0," ",'Raw Data'!D18) | D11: =IF('Raw Data'!B18=0," ",'Raw Data'!E18) | E11: =IF('Raw Data'!B18=0," ",(MAX('Raw Data'!G18:I18)-MIN('Raw Data'!G18:I18))) | F11: =IF('Raw Data'!B18=0," ",(MAX('Raw Data'!J18:L18)-MIN('Raw Data'!J18:L18))) | G11: =IF('Raw Data'!B18=0," ",(MAX('Raw Data'!M18:O18)-MIN('Raw Data'!M18:O18))) | H11: =IF('Raw Data'!B18=0," ",(MAX('Raw Data'!P18:R18)-MIN('Raw Data'!P18:R18))) | I11: =IF('Raw Data'!B18=0," ",AVERAGE(E11,G11)) | J11: =IF('Raw Data'!B18=0," ",AVERAGE(F11,H11)) | K11: =IF('Raw Data'!B18=0," ",AVERAGE(I11,J11)) | L11: =IF('Raw Data'!B18=0," ",AVERAGE('Raw Data'!G18:I18,'Raw Data'!M18:O18)) | M11: =IF('Raw Data'!B18=0," ",AVERAGE('Raw Data'!J18:L18,'Raw Data'!P18:R18)) | N11: =IF('Raw Data'!B18=0," ",(MAX(L11:M11)-MIN(L11,M11))) | O11: =IF('Raw Data'!B18=0," ",AVERAGE('Raw Data'!G18:L18)) | P11: =IF('Raw Data'!B18=0," ",AVERAGE('Raw Data'!M18:R18)) | Q11: =IF('Raw Data'!B18=0," ",(MAX(O11:P11)-MIN(O11:P11))) | R11: =IF('Raw Data'!B18=0," ",K11*$H$1) | S11: =IF('Raw Data'!B18=0," ",(POWER(N11*$H$2, 2)-(POWER(R11,2)/6))) | T11: =IF('Raw Data'!B18=0," ",IF(S11<0,0,SQRT(S11))) | U11: =IF('Raw Data'!B18=0," ",IF((D11-C11)>POWER(10, 50),2*MIN(AVERAGE('Raw Data'!G18:R18)-C11,D11-AVERAGE('Raw Data'!G18:R18)),(D11-C11)/6)) | V11: =IF('Raw Data'!B18=0," ",SQRT(POWER(R11,2)+POWER(T11,2))) | W11: =IF('Raw Data'!B18=0," ",IF(U11<V11,0,SQRT(POWER(U11,2)-POWER(V11,2)))) | X11: =IF('Raw Data'!B18=0," ",V11/U11) | Y11: =IF('Raw Data'!B18=0," ",SQRT(2)*(W11/V11)) | Z11: =IF('Raw Data'!B18=0," ",'Raw Data'!T18) | AA11: =IF('Raw Data'!B18=0," ",'Raw Data'!F18) | AB11: =IF('Raw Data'!B18=0," ","No") | AC11: =IF('Raw Data'!B18=0," ","Yes")
A12: =IF('Raw Data'!B19=0," ",'Raw Data'!B19) | B12: =IF('Raw Data'!B19=0," ",'Raw Data'!C19) | C12: =IF('Raw Data'!B19=0," ",'Raw Data'!D19) | D12: =IF('Raw Data'!B19=0," ",'Raw Data'!E19) | E12: =IF('Raw Data'!B19=0," ",(MAX('Raw Data'!G19:I19)-MIN('Raw Data'!G19:I19))) | F12: =IF('Raw Data'!B19=0," ",(MAX('Raw Data'!J19:L19)-MIN('Raw Data'!J19:L19))) | G12: =IF('Raw Data'!B19=0," ",(MAX('Raw Data'!M19:O19)-MIN('Raw Data'!M19:O19))) | H12: =IF('Raw Data'!B19=0," ",(MAX('Raw Data'!P19:R19)-MIN('Raw Data'!P19:R19))) | I12: =IF('Raw Data'!B19=0," ",AVERAGE(E12,G12)) | J12: =IF('Raw Data'!B19=0," ",AVERAGE(F12,H12)) | K12: =IF('Raw Data'!B19=0," ",AVERAGE(I12,J12)) | L12: =IF('Raw Data'!B19=0," ",AVERAGE('Raw Data'!G19:I19,'Raw Data'!M19:O19)) | M12: =IF('Raw Data'!B19=0," ",AVERAGE('Raw Data'!J19:L19,'Raw Data'!P19:R19)) | N12: =IF('Raw Data'!B19=0," ",(MAX(L12:M12)-MIN(L12,M12))) | O12: =IF('Raw Data'!B19=0," ",AVERAGE('Raw Data'!G19:L19)) | P12: =IF('Raw Data'!B19=0," ",AVERAGE('Raw Data'!M19:R19)) | Q12: =IF('Raw Data'!B19=0," ",(MAX(O12:P12)-MIN(O12:P12))) | R12: =IF('Raw Data'!B19=0," ",K12*$H$1) | S12: =IF('Raw Data'!B19=0," ",(POWER(N12*$H$2, 2)-(POWER(R12,2)/6))) | T12: =IF('Raw Data'!B19=0," ",IF(S12<0,0,SQRT(S12))) | U12: =IF('Raw Data'!B19=0," ",IF((D12-C12)>POWER(10, 50),2*MIN(AVERAGE('Raw Data'!G19:R19)-C12,D12-AVERAGE('Raw Data'!G19:R19)),(D12-C12)/6)) | V12: =IF('Raw Data'!B19=0," ",SQRT(POWER(R12,2)+POWER(T12,2))) | W12: =IF('Raw Data'!B19=0," ",IF(U12<V12,0,SQRT(POWER(U12,2)-POWER(V12,2)))) | X12: =IF('Raw Data'!B19=0," ",V12/U12) | Y12: =IF('Raw Data'!B19=0," ",SQRT(2)*(W12/V12)) | Z12: =IF('Raw Data'!B19=0," ",'Raw Data'!T19) | AA12: =IF('Raw Data'!B19=0," ",'Raw Data'!F19) | AB12: =IF('Raw Data'!B19=0," ","No") | AC12: =IF('Raw Data'!B19=0," ","Yes")
A13: =IF('Raw Data'!B20=0," ",'Raw Data'!B20) | B13: =IF('Raw Data'!B20=0," ",'Raw Data'!C20) | C13: =IF('Raw Data'!B20=0," ",'Raw Data'!D20) | D13: =IF('Raw Data'!B20=0," ",'Raw Data'!E20) | E13: =IF('Raw Data'!B20=0," ",(MAX('Raw Data'!G20:I20)-MIN('Raw Data'!G20:I20))) | F13: =IF('Raw Data'!B20=0," ",(MAX('Raw Data'!J20:L20)-MIN('Raw Data'!J20:L20))) | G13: =IF('Raw Data'!B20=0," ",(MAX('Raw Data'!M20:O20)-MIN('Raw Data'!M20:O20))) | H13: =IF('Raw Data'!B20=0," ",(MAX('Raw Data'!P20:R20)-MIN('Raw Data'!P20:R20))) | I13: =IF('Raw Data'!B20=0," ",AVERAGE(E13,G13)) | J13: =IF('Raw Data'!B20=0," ",AVERAGE(F13,H13)) | K13: =IF('Raw Data'!B20=0," ",AVERAGE(I13,J13)) | L13: =IF('Raw Data'!B20=0," ",AVERAGE('Raw Data'!G20:I20,'Raw Data'!M20:O20)) | M13: =IF('Raw Data'!B20=0," ",AVERAGE('Raw Data'!J20:L20,'Raw Data'!P20:R20)) | N13: =IF('Raw Data'!B20=0," ",(MAX(L13:M13)-MIN(L13,M13))) | O13: =IF('Raw Data'!B20=0," ",AVERAGE('Raw Data'!G20:L20)) | P13: =IF('Raw Data'!B20=0," ",AVERAGE('Raw Data'!M20:R20)) | Q13: =IF('Raw Data'!B20=0," ",(MAX(O13:P13)-MIN(O13:P13))) | R13: =IF('Raw Data'!B20=0," ",K13*$H$1) | S13: =IF('Raw Data'!B20=0," ",(POWER(N13*$H$2, 2)-(POWER(R13,2)/6))) | T13: =IF('Raw Data'!B20=0," ",IF(S13<0,0,SQRT(S13))) | U13: =IF('Raw Data'!B20=0," ",IF((D13-C13)>POWER(10, 50),2*MIN(AVERAGE('Raw Data'!G20:R20)-C13,D13-AVERAGE('Raw Data'!G20:R20)),(D13-C13)/6)) | V13: =IF('Raw Data'!B20=0," ",SQRT(POWER(R13,2)+POWER(T13,2))) | W13: =IF('Raw Data'!B20=0," ",IF(U13<V13,0,SQRT(POWER(U13,2)-POWER(V13,2)))) | X13: =IF('Raw Data'!B20=0," ",V13/U13) | Y13: =IF('Raw Data'!B20=0," ",SQRT(2)*(W13/V13)) | Z13: =IF('Raw Data'!B20=0," ",'Raw Data'!T20) | AA13: =IF('Raw Data'!B20=0," ",'Raw Data'!F20) | AB13: =IF('Raw Data'!B20=0," ","No") | AC13: =IF('Raw Data'!B20=0," ","Yes")
A14: =IF('Raw Data'!B21=0," ",'Raw Data'!B21) | B14: =IF('Raw Data'!B21=0," ",'Raw Data'!C21) | C14: =IF('Raw Data'!B21=0," ",'Raw Data'!D21) | D14: =IF('Raw Data'!B21=0," ",'Raw Data'!E21) | E14: =IF('Raw Data'!B21=0," ",(MAX('Raw Data'!G21:I21)-MIN('Raw Data'!G21:I21))) | F14: =IF('Raw Data'!B21=0," ",(MAX('Raw Data'!J21:L21)-MIN('Raw Data'!J21:L21))) | G14: =IF('Raw Data'!B21=0," ",(MAX('Raw Data'!M21:O21)-MIN('Raw Data'!M21:O21))) | H14: =IF('Raw Data'!B21=0," ",(MAX('Raw Data'!P21:R21)-MIN('Raw Data'!P21:R21))) | I14: =IF('Raw Data'!B21=0," ",AVERAGE(E14,G14)) | J14: =IF('Raw Data'!B21=0," ",AVERAGE(F14,H14)) | K14: =IF('Raw Data'!B21=0," ",AVERAGE(I14,J14)) | L14: =IF('Raw Data'!B21=0," ",AVERAGE('Raw Data'!G21:I21,'Raw Data'!M21:O21)) | M14: =IF('Raw Data'!B21=0," ",AVERAGE('Raw Data'!J21:L21,'Raw Data'!P21:R21)) | N14: =IF('Raw Data'!B21=0," ",(MAX(L14:M14)-MIN(L14,M14))) | O14: =IF('Raw Data'!B21=0," ",AVERAGE('Raw Data'!G21:L21)) | P14: =IF('Raw Data'!B21=0," ",AVERAGE('Raw Data'!M21:R21)) | Q14: =IF('Raw Data'!B21=0," ",(MAX(O14:P14)-MIN(O14:P14))) | R14: =IF('Raw Data'!B21=0," ",K14*$H$1) | S14: =IF('Raw Data'!B21=0," ",(POWER(N14*$H$2, 2)-(POWER(R14,2)/6))) | T14: =IF('Raw Data'!B21=0," ",IF(S14<0,0,SQRT(S14))) | U14: =IF('Raw Data'!B21=0," ",IF((D14-C14)>POWER(10, 50),2*MIN(AVERAGE('Raw Data'!G21:R21)-C14,D14-AVERAGE('Raw Data'!G21:R21)),(D14-C14)/6)) | V14: =IF('Raw Data'!B21=0," ",SQRT(POWER(R14,2)+POWER(T14,2))) | W14: =IF('Raw Data'!B21=0," ",IF(U14<V14,0,SQRT(POWER(U14,2)-POWER(V14,2)))) | X14: =IF('Raw Data'!B21=0," ",V14/U14) | Y14: =IF('Raw Data'!B21=0," ",SQRT(2)*(W14/V14)) | Z14: =IF('Raw Data'!B21=0," ",'Raw Data'!T21) | AA14: =IF('Raw Data'!B21=0," ",'Raw Data'!F21) | AB14: =IF('Raw Data'!B21=0," ","No") | AC14: =IF('Raw Data'!B21=0," ","Yes")
A15: =IF('Raw Data'!B22=0," ",'Raw Data'!B22) | B15: =IF('Raw Data'!B22=0," ",'Raw Data'!C22) | C15: =IF('Raw Data'!B22=0," ",'Raw Data'!D22) | D15: =IF('Raw Data'!B22=0," ",'Raw Data'!E22) | E15: =IF('Raw Data'!B22=0," ",(MAX('Raw Data'!G22:I22)-MIN('Raw Data'!G22:I22))) | F15: =IF('Raw Data'!B22=0," ",(MAX('Raw Data'!J22:L22)-MIN('Raw Data'!J22:L22))) | G15: =IF('Raw Data'!B22=0," ",(MAX('Raw Data'!M22:O22)-MIN('Raw Data'!M22:O22))) | H15: =IF('Raw Data'!B22=0," ",(MAX('Raw Data'!P22:R22)-MIN('Raw Data'!P22:R22))) | I15: =IF('Raw Data'!B22=0," ",AVERAGE(E15,G15)) | J15: =IF('Raw Data'!B22=0," ",AVERAGE(F15,H15)) | K15: =IF('Raw Data'!B22=0," ",AVERAGE(I15,J15)) | L15: =IF('Raw Data'!B22=0," ",AVERAGE('Raw Data'!G22:I22,'Raw Data'!M22:O22)) | M15: =IF('Raw Data'!B22=0," ",AVERAGE('Raw Data'!J22:L22,'Raw Data'!P22:R22)) | N15: =IF('Raw Data'!B22=0," ",(MAX(L15:M15)-MIN(L15,M15))) | O15: =IF('Raw Data'!B22=0," ",AVERAGE('Raw Data'!G22:L22)) | P15: =IF('Raw Data'!B22=0," ",AVERAGE('Raw Data'!M22:R22)) | Q15: =IF('Raw Data'!B22=0," ",(MAX(O15:P15)-MIN(O15:P15))) | R15: =IF('Raw Data'!B22=0," ",K15*$H$1) | S15: =IF('Raw Data'!B22=0," ",(POWER(N15*$H$2, 2)-(POWER(R15,2)/6))) | T15: =IF('Raw Data'!B22=0," ",IF(S15<0,0,SQRT(S15))) | U15: =IF('Raw Data'!B22=0," ",IF((D15-C15)>POWER(10, 50),2*MIN(AVERAGE('Raw Data'!G22:R22)-C15,D15-AVERAGE('Raw Data'!G22:R22)),(D15-C15)/6)) | V15: =IF('Raw Data'!B22=0," ",SQRT(POWER(R15,2)+POWER(T15,2))) | W15: =IF('Raw Data'!B22=0," ",IF(U15<V15,0,SQRT(POWER(U15,2)-POWER(V15,2)))) | X15: =IF('Raw Data'!B22=0," ",V15/U15) | Y15: =IF('Raw Data'!B22=0," ",SQRT(2)*(W15/V15)) | Z15: =IF('Raw Data'!B22=0," ",'Raw Data'!T22) | AA15: =IF('Raw Data'!B22=0," ",'Raw Data'!F22) | AB15: =IF('Raw Data'!B22=0," ","No") | AC15: =IF('Raw Data'!B22=0," ","Yes")
A16: =IF('Raw Data'!B23=0," ",'Raw Data'!B23) | B16: =IF('Raw Data'!B23=0," ",'Raw Data'!C23) | C16: =IF('Raw Data'!B23=0," ",'Raw Data'!D23) | D16: =IF('Raw Data'!B23=0," ",'Raw Data'!E23) | E16: =IF('Raw Data'!B23=0," ",(MAX('Raw Data'!G23:I23)-MIN('Raw Data'!G23:I23))) | F16: =IF('Raw Data'!B23=0," ",(MAX('Raw Data'!J23:L23)-MIN('Raw Data'!J23:L23))) | G16: =IF('Raw Data'!B23=0," ",(MAX('Raw Data'!M23:O23)-MIN('Raw Data'!M23:O23))) | H16: =IF('Raw Data'!B23=0," ",(MAX('Raw Data'!P23:R23)-MIN('Raw Data'!P23:R23))) | I16: =IF('Raw Data'!B23=0," ",AVERAGE(E16,G16)) | J16: =IF('Raw Data'!B23=0," ",AVERAGE(F16,H16)) | K16: =IF('Raw Data'!B23=0," ",AVERAGE(I16,J16)) | L16: =IF('Raw Data'!B23=0," ",AVERAGE('Raw Data'!G23:I23,'Raw Data'!M23:O23)) | M16: =IF('Raw Data'!B23=0," ",AVERAGE('Raw Data'!J23:L23,'Raw Data'!P23:R23)) | N16: =IF('Raw Data'!B23=0," ",(MAX(L16:M16)-MIN(L16,M16))) | O16: =IF('Raw Data'!B23=0," ",AVERAGE('Raw Data'!G23:L23)) | P16: =IF('Raw Data'!B23=0," ",AVERAGE('Raw Data'!M23:R23)) | Q16: =IF('Raw Data'!B23=0," ",(MAX(O16:P16)-MIN(O16:P16))) | R16: =IF('Raw Data'!B23=0," ",K16*$H$1) | S16: =IF('Raw Data'!B23=0," ",(POWER(N16*$H$2, 2)-(POWER(R16,2)/6))) | T16: =IF('Raw Data'!B23=0," ",IF(S16<0,0,SQRT(S16))) | U16: =IF('Raw Data'!B23=0," ",IF((D16-C16)>POWER(10, 50),2*MIN(AVERAGE('Raw Data'!G23:R23)-C16,D16-AVERAGE('Raw Data'!G23:R23)),(D16-C16)/6)) | V16: =IF('Raw Data'!B23=0," ",SQRT(POWER(R16,2)+POWER(T16,2))) | W16: =IF('Raw Data'!B23=0," ",IF(U16<V16,0,SQRT(POWER(U16,2)-POWER(V16,2)))) | X16: =IF('Raw Data'!B23=0," ",V16/U16) | Y16: =IF('Raw Data'!B23=0," ",SQRT(2)*(W16/V16)) | Z16: =IF('Raw Data'!B23=0," ",'Raw Data'!T23) | AA16: =IF('Raw Data'!B23=0," ",'Raw Data'!F23) | AB16: =IF('Raw Data'!B23=0," ","No") | AC16: =IF('Raw Data'!B23=0," ","Yes")
A17: =IF('Raw Data'!B24=0," ",'Raw Data'!B24) | B17: =IF('Raw Data'!B24=0," ",'Raw Data'!C24) | C17: =IF('Raw Data'!B24=0," ",'Raw Data'!D24) | D17: =IF('Raw Data'!B24=0," ",'Raw Data'!E24) | E17: =IF('Raw Data'!B24=0," ",(MAX('Raw Data'!G24:I24)-MIN('Raw Data'!G24:I24))) | F17: =IF('Raw Data'!B24=0," ",(MAX('Raw Data'!J24:L24)-MIN('Raw Data'!J24:L24))) | G17: =IF('Raw Data'!B24=0," ",(MAX('Raw Data'!M24:O24)-MIN('Raw Data'!M24:O24))) | H17: =IF('Raw Data'!B24=0," ",(MAX('Raw Data'!P24:R24)-MIN('Raw Data'!P24:R24))) | I17: =IF('Raw Data'!B24=0," ",AVERAGE(E17,G17)) | J17: =IF('Raw Data'!B24=0," ",AVERAGE(F17,H17)) | K17: =IF('Raw Data'!B24=0," ",AVERAGE(I17,J17)) | L17: =IF('Raw Data'!B24=0," ",AVERAGE('Raw Data'!G24:I24,'Raw Data'!M24:O24)) | M17: =IF('Raw Data'!B24=0," ",AVERAGE('Raw Data'!J24:L24,'Raw Data'!P24:R24)) | N17: =IF('Raw Data'!B24=0," ",(MAX(L17:M17)-MIN(L17,M17))) | O17: =IF('Raw Data'!B24=0," ",AVERAGE('Raw Data'!G24:L24)) | P17: =IF('Raw Data'!B24=0," ",AVERAGE('Raw Data'!M24:R24)) | Q17: =IF('Raw Data'!B24=0," ",(MAX(O17:P17)-MIN(O17:P17))) | R17: =IF('Raw Data'!B24=0," ",K17*$H$1) | S17: =IF('Raw Data'!B24=0," ",(POWER(N17*$H$2, 2)-(POWER(R17,2)/6))) | T17: =IF('Raw Data'!B24=0," ",IF(S17<0,0,SQRT(S17))) | U17: =IF('Raw Data'!B24=0," ",IF((D17-C17)>POWER(10, 50),2*MIN(AVERAGE('Raw Data'!G24:R24)-C17,D17-AVERAGE('Raw Data'!G24:R24)),(D17-C17)/6)) | V17: =IF('Raw Data'!B24=0," ",SQRT(POWER(R17,2)+POWER(T17,2))) | W17: =IF('Raw Data'!B24=0," ",IF(U17<V17,0,SQRT(POWER(U17,2)-POWER(V17,2)))) | X17: =IF('Raw Data'!B24=0," ",V17/U17) | Y17: =IF('Raw Data'!B24=0," ",SQRT(2)*(W17/V17)) | Z17: =IF('Raw Data'!B24=0," ",'Raw Data'!T24) | AA17: =IF('Raw Data'!B24=0," ",'Raw Data'!F24) | AB17: =IF('Raw Data'!B24=0," ","No") | AC17: =IF('Raw Data'!B24=0," ","Yes")
A18: =IF('Raw Data'!B25=0," ",'Raw Data'!B25) | B18: =IF('Raw Data'!B25=0," ",'Raw Data'!C25) | C18: =IF('Raw Data'!B25=0," ",'Raw Data'!D25) | D18: =IF('Raw Data'!B25=0," ",'Raw Data'!E25) | E18: =IF('Raw Data'!B25=0," ",(MAX('Raw Data'!G25:I25)-MIN('Raw Data'!G25:I25))) | F18: =IF('Raw Data'!B25=0," ",(MAX('Raw Data'!J25:L25)-MIN('Raw Data'!J25:L25))) | G18: =IF('Raw Data'!B25=0," ",(MAX('Raw Data'!M25:O25)-MIN('Raw Data'!M25:O25))) | H18: =IF('Raw Data'!B25=0," ",(MAX('Raw Data'!P25:R25)-MIN('Raw Data'!P25:R25))) | I18: =IF('Raw Data'!B25=0," ",AVERAGE(E18,G18)) | J18: =IF('Raw Data'!B25=0," ",AVERAGE(F18,H18)) | K18: =IF('Raw Data'!B25=0," ",AVERAGE(I18,J18)) | L18: =IF('Raw Data'!B25=0," ",AVERAGE('Raw Data'!G25:I25,'Raw Data'!M25:O25)) | M18: =IF('Raw Data'!B25=0," ",AVERAGE('Raw Data'!J25:L25,'Raw Data'!P25:R25)) | N18: =IF('Raw Data'!B25=0," ",(MAX(L18:M18)-MIN(L18,M18))) | O18: =IF('Raw Data'!B25=0," ",AVERAGE('Raw Data'!G25:L25)) | P18: =IF('Raw Data'!B25=0," ",AVERAGE('Raw Data'!M25:R25)) | Q18: =IF('Raw Data'!B25=0," ",(MAX(O18:P18)-MIN(O18:P18))) | R18: =IF('Raw Data'!B25=0," ",K18*$H$1) | S18: =IF('Raw Data'!B25=0," ",(POWER(N18*$H$2, 2)-(POWER(R18,2)/6))) | T18: =IF('Raw Data'!B25=0," ",IF(S18<0,0,SQRT(S18))) | U18: =IF('Raw Data'!B25=0," ",IF((D18-C18)>POWER(10, 50),2*MIN(AVERAGE('Raw Data'!G25:R25)-C18,D18-AVERAGE('Raw Data'!G25:R25)),(D18-C18)/6)) | V18: =IF('Raw Data'!B25=0," ",SQRT(POWER(R18,2)+POWER(T18,2))) | W18: =IF('Raw Data'!B25=0," ",IF(U18<V18,0,SQRT(POWER(U18,2)-POWER(V18,2)))) | X18: =IF('Raw Data'!B25=0," ",V18/U18) | Y18: =IF('Raw Data'!B25=0," ",SQRT(2)*(W18/V18)) | Z18: =IF('Raw Data'!B25=0," ",'Raw Data'!T25) | AA18: =IF('Raw Data'!B25=0," ",'Raw Data'!F25) | AB18: =IF('Raw Data'!B25=0," ","No") | AC18: =IF('Raw Data'!B25=0," ","Yes")
... A3000: =IF('Raw Data'!B3007=0," ",'Raw Data'!B3007) | B3000: =IF('Raw Data'!B3007=0," ",'Raw Data'!C3007) | C3000: =IF('Raw Data'!B3007=0," ",'Raw Data'!D3007) | D3000: =IF('Raw Data'!B3007=0," ",'Raw Data'!E3007) | E3000: =IF('Raw Data'!B3007=0," ",(MAX('Raw Data'!G3007:I3007)-MIN('Raw Data'!G3007:I3007))) | F3000: =IF('Raw Data'!B3007=0," ",(MAX('Raw Data'!J3007:L3007)-MIN('Raw Data'!J3007:L3007))) | G3000: =IF('Raw Data'!B3007=0," ",(MAX('Raw Data'!M3007:O3007)-MIN('Raw Data'!M3007:O3007))) | H3000: =IF('Raw Data'!B3007=0," ",(MAX('Raw Data'!P3007:R3007)-MIN('Raw Data'!P3007:R3007))) | I3000: =IF('Raw Data'!B3007=0," ",AVERAGE(E3000,G3000)) | J3000: =IF('Raw Data'!B3007=0," ",AVERAGE(F3000,H3000)) | K3000: =IF('Raw Data'!B3007=0," ",AVERAGE(I3000,J3000)) | L3000: =IF('Raw Data'!B3007=0," ",AVERAGE('Raw Data'!G3007:I3007,'Raw Data'!M3007:O3007)) | M3000: =IF('Raw Data'!B3007=0," ",AVERAGE('Raw Data'!J3007:L3007,'Raw Data'!P3007:R3007)) | N3000: =IF('Raw Data'!B3007=0," ",(MAX(L3000:M3000)-MIN(L3000,M3000))) | O3000: =IF('Raw Data'!B3007=0," ",AVERAGE('Raw Data'!G3007:L3007)) | P3000: =IF('Raw Data'!B3007=0," ",AVERAGE('Raw Data'!M3007:R3007)) | Q3000: =IF('Raw Data'!B3007=0," ",(MAX(O3000:P3000)-MIN(O3000:P3000))) | R3000: =IF('Raw Data'!B3007=0," ",K3000*$H$1) | S3000: =IF('Raw Data'!B3007=0," ",(POWER(N3000*$H$2, 2)-(POWER(R3000,2)/6))) | T3000: =IF('Raw Data'!B3007=0," ",IF(S3000<0,0,SQRT(S3000))) | U3000: =IF('Raw Data'!B3007=0," ",IF((D3000-C3000)>POWER(10, 50),2*MIN(AVERAGE('Raw Data'!G3007:R3007)-C3000,D3000-AVERAGE('Raw Data'!G3007:R3007)),(D3000-C3000)/6)) | V3000: =IF('Raw Data'!B3007=0," ",SQRT(POWER(R3000,2)+POWER(T3000,2))) | W3000: =IF('Raw Data'!B3007=0," ",IF(U3000<V3000,0,SQRT(POWER(U3000,2)-POWER(V3000,2)))) | X3000: =IF('Raw Data'!B3007=0," ",V3000/U3000) | Y3000: =IF('Raw Data'!B3007=0," ",SQRT(2)*(W3000/V3000)) | Z3000: =IF('Raw Data'!B3007=0," ",'Raw Data'!T3007) | AA3000: =IF('Raw Data'!B3007=0," ",'Raw Data'!F3007) | AB3000: =IF('Raw Data'!B3007=0," ","No") | AC3000: =IF('Raw Data'!B3007=0," ","Yes")
A3001: =IF('Raw Data'!B3008=0," ",'Raw Data'!B3008) | B3001: =IF('Raw Data'!C3008=0," ",'Raw Data'!C3008) | C3001: =IF('Raw Data'!D3008=0," ",'Raw Data'!D3008) | D3001: =IF('Raw Data'!E3008=0," ",'Raw Data'!E3008)

Sheet Raw Data
A1: RAW DATA | J1: SAME VARIANT METHOD : 2 PRODUCTS, 2 OPERATORS, 3 TRIALS
G6: PRODUCT 1 | M6: PRODUCT 2
G7: OPERATOR 1 | J7: OPERATOR 2 | M7: OPERATOR 1 | P7: OPERATOR 2
G8: PASS 1 | H8: PASS 2 | I8: PASS 3 | J8: PASS 1 | K8: PASS 2 | L8: PASS 3 | M8: PASS 1 | N8: PASS 2 | O8: PASS 3 | P8: PASS 1 | Q8: PASS 2 | R8: PASS 3
F9: PATH
F10: STATUS
F11: SN
B12: TESTS | D12: LOWER LIMIT | E12: UPPER LIMIT | F12: COMMENTARY | G12: MEASURE 1 | H12: MEASURE 2 | I12: MEASURE 3 | J12: MEASURE 4 | K12: MEASURE 5 | L12: MEASURE 6 | M12: MEASURE 7 | N12: MEASURE 8 | O12: MEASURE 9 | P12: MEASURE 10 | Q12: MEASURE 11 | R12: MEASURE 12 | T12: CPK (IMPORTED)
